create table if not exists persistent_logins ( 
  username varchar_ignorecase(100) not null, 
  series varchar(64) primary key, 
  token varchar(64) not null, 
  last_used timestamp not null
);

---------------------------------------------------------------------------------------------
INSERT INTO Role (id, role_Name) VALUES (1, 'ROLE_ADMIN');
INSERT INTO Role (id, role_Name) VALUES (2, 'ROLE_FACULTY');
INSERT INTO Role (id, role_Name) VALUES (3, 'ROLE_STUDENT');

---------------------------------------------------------------------------------------------
INSERT INTO Course (id, courseId, course_Name) VALUES (1, 'CS401', 'Modern Programming Practice');
INSERT INTO Course (id, courseId, course_Name) VALUES (2, 'CS545', 'Web Application Architecture and Framework');
INSERT INTO Course (id, courseId, course_Name) VALUES (3, 'CS525', 'Advanced Software Development');
INSERT INTO Course (id, courseId, course_Name) VALUES (4, 'CS472', 'Web Application Programming');
INSERT INTO Course (id, courseId, course_Name) VALUES (5, 'CS422', 'Database Management System');

---------------------------------------------------------------------------------------------
INSERT INTO Block (id, block_Name, begin_Date, end_Date) VALUES (1, 'August 2018', '2018-07-23', '2018-08-16');
INSERT INTO Block (id, block_Name, begin_Date, end_Date) VALUES (2, 'September 2018', '2018-09-03', '2018-09-27');
INSERT INTO Block (id, block_Name, begin_Date, end_Date) VALUES (3, 'October 2018', '2018-10-01', '2018-10-25');
INSERT INTO Block (id, block_Name, begin_Date, end_Date) VALUES (4, 'November 2018', '2018-10-29', '2018-11-22');
INSERT INTO Block (id, block_Name, begin_Date, end_Date) VALUES (5, 'December 2018', '2018-11-26', '2018-12-20');
INSERT INTO Block (id, block_Name, begin_Date, end_Date) VALUES (6, 'January 2019', '2019-01-14', '2018-02-07');
INSERT INTO Block (id, block_Name, begin_Date, end_Date) VALUES (7, 'February 2019', '2019-02-11', '2018-02-21');
INSERT INTO Block (id, block_Name, begin_Date, end_Date) VALUES (8, 'March 2019', '2019-02-25', '2018-03-21');

---------------------------------------------------------------------------------------------
INSERT INTO block_session (id, block_ID, session) VALUES (1, 1, '2018-07-23');
INSERT INTO block_session (id, block_ID, session) VALUES (2, 1, '2018-07-24');
INSERT INTO block_session (id, block_ID, session) VALUES (3, 1, '2018-07-25');
INSERT INTO block_session (id, block_ID, session) VALUES (4, 1, '2018-07-26');
INSERT INTO block_session (id, block_ID, session) VALUES (5, 1, '2018-07-27');
INSERT INTO block_session (id, block_ID, session) VALUES (6, 1, '2018-07-28');
INSERT INTO block_session (id, block_ID, session) VALUES (7, 1, '2018-07-30');
INSERT INTO block_session (id, block_ID, session) VALUES (8, 1, '2018-07-31');
INSERT INTO block_session (id, block_ID, session) VALUES (9, 1, '2018-08-01');
INSERT INTO block_session (id, block_ID, session) VALUES (10, 1, '2018-08-02');
INSERT INTO block_session (id, block_ID, session) VALUES (11, 1, '2018-08-03');
INSERT INTO block_session (id, block_ID, session) VALUES (12, 1, '2018-08-05');
INSERT INTO block_session (id, block_ID, session) VALUES (13, 1, '2018-08-06');
INSERT INTO block_session (id, block_ID, session) VALUES (14, 1, '2018-08-07');
INSERT INTO block_session (id, block_ID, session) VALUES (15, 1, '2018-08-08');
INSERT INTO block_session (id, block_ID, session) VALUES (16, 1, '2018-08-09');
INSERT INTO block_session (id, block_ID, session) VALUES (17, 1, '2018-08-10');
INSERT INTO block_session (id, block_ID, session) VALUES (18, 1, '2018-08-12');
INSERT INTO block_session (id, block_ID, session) VALUES (19, 1, '2018-08-13');
INSERT INTO block_session (id, block_ID, session) VALUES (20, 1, '2018-08-14');
INSERT INTO block_session (id, block_ID, session) VALUES (21, 1, '2018-08-15');
INSERT INTO block_session (id, block_ID, session) VALUES (22, 1, '2018-08-16');

INSERT INTO block_session (id, block_ID, session) VALUES (23, 2, '2018-09-03');
INSERT INTO block_session (id, block_ID, session) VALUES (24, 2, '2018-09-04');
INSERT INTO block_session (id, block_ID, session) VALUES (25, 2, '2018-09-05');
INSERT INTO block_session (id, block_ID, session) VALUES (26, 2, '2018-09-06');
INSERT INTO block_session (id, block_ID, session) VALUES (27, 2, '2018-09-07');
INSERT INTO block_session (id, block_ID, session) VALUES (28, 2, '2018-09-08');
INSERT INTO block_session (id, block_ID, session) VALUES (29, 2, '2018-09-10');
INSERT INTO block_session (id, block_ID, session) VALUES (30, 2, '2018-09-11');
INSERT INTO block_session (id, block_ID, session) VALUES (31, 2, '2018-09-12');
INSERT INTO block_session (id, block_ID, session) VALUES (32, 2, '2018-09-13');
INSERT INTO block_session (id, block_ID, session) VALUES (33, 2, '2018-09-14');
INSERT INTO block_session (id, block_ID, session) VALUES (34, 2, '2018-09-15');
INSERT INTO block_session (id, block_ID, session) VALUES (35, 2, '2018-09-17');
INSERT INTO block_session (id, block_ID, session) VALUES (36, 2, '2018-09-18');
INSERT INTO block_session (id, block_ID, session) VALUES (37, 2, '2018-09-19');
INSERT INTO block_session (id, block_ID, session) VALUES (38, 2, '2018-09-20');
INSERT INTO block_session (id, block_ID, session) VALUES (39, 2, '2018-09-21');
INSERT INTO block_session (id, block_ID, session) VALUES (40, 2, '2018-09-22');
INSERT INTO block_session (id, block_ID, session) VALUES (41, 2, '2018-09-24');
INSERT INTO block_session (id, block_ID, session) VALUES (42, 2, '2018-09-25');
INSERT INTO block_session (id, block_ID, session) VALUES (43, 2, '2018-09-26');
INSERT INTO block_session (id, block_ID, session) VALUES (44, 2, '2018-09-27');

INSERT INTO block_session (id, block_ID, session) VALUES (45, 3, '2018-10-01');
INSERT INTO block_session (id, block_ID, session) VALUES (46, 3, '2018-10-02');
INSERT INTO block_session (id, block_ID, session) VALUES (47, 3, '2018-10-03');
INSERT INTO block_session (id, block_ID, session) VALUES (48, 3, '2018-10-04');
INSERT INTO block_session (id, block_ID, session) VALUES (49, 3, '2018-10-05');
INSERT INTO block_session (id, block_ID, session) VALUES (50, 3, '2018-10-06');
INSERT INTO block_session (id, block_ID, session) VALUES (51, 3, '2018-10-08');
INSERT INTO block_session (id, block_ID, session) VALUES (52, 3, '2018-10-09');
INSERT INTO block_session (id, block_ID, session) VALUES (53, 3, '2018-10-10');
INSERT INTO block_session (id, block_ID, session) VALUES (54, 3, '2018-10-11');
INSERT INTO block_session (id, block_ID, session) VALUES (55, 3, '2018-10-12');
INSERT INTO block_session (id, block_ID, session) VALUES (56, 3, '2018-10-13');
INSERT INTO block_session (id, block_ID, session) VALUES (57, 3, '2018-10-15');
INSERT INTO block_session (id, block_ID, session) VALUES (58, 3, '2018-10-16');
INSERT INTO block_session (id, block_ID, session) VALUES (59, 3, '2018-10-17');
INSERT INTO block_session (id, block_ID, session) VALUES (60, 3, '2018-10-18');
INSERT INTO block_session (id, block_ID, session) VALUES (61, 3, '2018-10-19');
INSERT INTO block_session (id, block_ID, session) VALUES (62, 3, '2018-10-20');
INSERT INTO block_session (id, block_ID, session) VALUES (63, 3, '2018-10-22');
INSERT INTO block_session (id, block_ID, session) VALUES (64, 3, '2018-10-23');
INSERT INTO block_session (id, block_ID, session) VALUES (65, 3, '2018-10-24');
INSERT INTO block_session (id, block_ID, session) VALUES (66, 3, '2018-10-25');

INSERT INTO block_session (id, block_ID, session) VALUES (67, 4, '2018-10-29');
INSERT INTO block_session (id, block_ID, session) VALUES (68, 4, '2018-10-30');
INSERT INTO block_session (id, block_ID, session) VALUES (69, 4, '2018-10-31');
INSERT INTO block_session (id, block_ID, session) VALUES (70, 4, '2018-11-01');
INSERT INTO block_session (id, block_ID, session) VALUES (71, 4, '2018-11-02');
INSERT INTO block_session (id, block_ID, session) VALUES (72, 4, '2018-11-03');
INSERT INTO block_session (id, block_ID, session) VALUES (73, 4, '2018-11-05');
INSERT INTO block_session (id, block_ID, session) VALUES (74, 4, '2018-11-06');
INSERT INTO block_session (id, block_ID, session) VALUES (75, 4, '2018-11-07');
INSERT INTO block_session (id, block_ID, session) VALUES (76, 4, '2018-11-08');
INSERT INTO block_session (id, block_ID, session) VALUES (77, 4, '2018-11-09');
INSERT INTO block_session (id, block_ID, session) VALUES (78, 4, '2018-11-10');
INSERT INTO block_session (id, block_ID, session) VALUES (79, 4, '2018-11-12');
INSERT INTO block_session (id, block_ID, session) VALUES (80, 4, '2018-11-13');
INSERT INTO block_session (id, block_ID, session) VALUES (81, 4, '2018-11-14');
INSERT INTO block_session (id, block_ID, session) VALUES (82, 4, '2018-11-15');
INSERT INTO block_session (id, block_ID, session) VALUES (83, 4, '2018-11-16');
INSERT INTO block_session (id, block_ID, session) VALUES (84, 4, '2018-11-17');
INSERT INTO block_session (id, block_ID, session) VALUES (85, 4, '2018-11-19');
INSERT INTO block_session (id, block_ID, session) VALUES (86, 4, '2018-11-20');
INSERT INTO block_session (id, block_ID, session) VALUES (87, 4, '2018-11-21');
INSERT INTO block_session (id, block_ID, session) VALUES (88, 4, '2018-11-22');

INSERT INTO block_session (id, block_ID, session) VALUES (89, 5, '2018-11-26');
INSERT INTO block_session (id, block_ID, session) VALUES (90, 5, '2018-11-27');
INSERT INTO block_session (id, block_ID, session) VALUES (91, 5, '2018-11-28');
INSERT INTO block_session (id, block_ID, session) VALUES (92, 5, '2018-11-29');
INSERT INTO block_session (id, block_ID, session) VALUES (93, 5, '2018-11-30');
INSERT INTO block_session (id, block_ID, session) VALUES (94, 5, '2018-12-01');
INSERT INTO block_session (id, block_ID, session) VALUES (95, 5, '2018-12-03');
INSERT INTO block_session (id, block_ID, session) VALUES (96, 5, '2018-12-04');
INSERT INTO block_session (id, block_ID, session) VALUES (97, 5, '2018-12-05');
INSERT INTO block_session (id, block_ID, session) VALUES (98, 5, '2018-12-06');
INSERT INTO block_session (id, block_ID, session) VALUES (99, 5, '2018-12-07');
INSERT INTO block_session (id, block_ID, session) VALUES (100, 5, '2018-12-08');
INSERT INTO block_session (id, block_ID, session) VALUES (101, 5, '2018-12-10');
INSERT INTO block_session (id, block_ID, session) VALUES (102, 5, '2018-12-11');
INSERT INTO block_session (id, block_ID, session) VALUES (103, 5, '2018-12-12');
INSERT INTO block_session (id, block_ID, session) VALUES (104, 5, '2018-12-13');
INSERT INTO block_session (id, block_ID, session) VALUES (105, 5, '2018-12-14');
INSERT INTO block_session (id, block_ID, session) VALUES (106, 5, '2018-12-15');
INSERT INTO block_session (id, block_ID, session) VALUES (107, 5, '2018-12-17');
INSERT INTO block_session (id, block_ID, session) VALUES (108, 5, '2018-12-18');
INSERT INTO block_session (id, block_ID, session) VALUES (109, 5, '2018-12-19');
INSERT INTO block_session (id, block_ID, session) VALUES (110, 5, '2018-12-20');

INSERT INTO block_session (id, block_ID, session) VALUES (111, 6, '2019-01-14');
INSERT INTO block_session (id, block_ID, session) VALUES (112, 6, '2019-01-15');
INSERT INTO block_session (id, block_ID, session) VALUES (113, 6, '2019-01-16');
INSERT INTO block_session (id, block_ID, session) VALUES (114, 6, '2019-01-17');
INSERT INTO block_session (id, block_ID, session) VALUES (115, 6, '2019-01-18');
INSERT INTO block_session (id, block_ID, session) VALUES (116, 6, '2019-01-19');
INSERT INTO block_session (id, block_ID, session) VALUES (117, 6, '2019-01-21');
INSERT INTO block_session (id, block_ID, session) VALUES (118, 6, '2019-01-22');
INSERT INTO block_session (id, block_ID, session) VALUES (119, 6, '2019-01-23');
INSERT INTO block_session (id, block_ID, session) VALUES (120, 6, '2019-01-24');
INSERT INTO block_session (id, block_ID, session) VALUES (121, 6, '2019-01-25');
INSERT INTO block_session (id, block_ID, session) VALUES (122, 6, '2019-01-26');
INSERT INTO block_session (id, block_ID, session) VALUES (123, 6, '2019-01-28');
INSERT INTO block_session (id, block_ID, session) VALUES (124, 6, '2019-01-29');
INSERT INTO block_session (id, block_ID, session) VALUES (125, 6, '2019-01-30');
INSERT INTO block_session (id, block_ID, session) VALUES (126, 6, '2019-01-31');
INSERT INTO block_session (id, block_ID, session) VALUES (127, 6, '2019-02-01');
INSERT INTO block_session (id, block_ID, session) VALUES (128, 6, '2019-02-02');
INSERT INTO block_session (id, block_ID, session) VALUES (129, 6, '2019-02-04');
INSERT INTO block_session (id, block_ID, session) VALUES (130, 6, '2019-02-05');
INSERT INTO block_session (id, block_ID, session) VALUES (131, 6, '2019-02-06');
INSERT INTO block_session (id, block_ID, session) VALUES (132, 6, '2019-02-07');

INSERT INTO block_session (id, block_ID, session) VALUES (133, 7, '2019-02-11');
INSERT INTO block_session (id, block_ID, session) VALUES (134, 7, '2019-02-12');
INSERT INTO block_session (id, block_ID, session) VALUES (135, 7, '2019-02-13');
INSERT INTO block_session (id, block_ID, session) VALUES (136, 7, '2019-02-14');
INSERT INTO block_session (id, block_ID, session) VALUES (137, 7, '2019-02-15');
INSERT INTO block_session (id, block_ID, session) VALUES (138, 7, '2019-02-16');
INSERT INTO block_session (id, block_ID, session) VALUES (139, 7, '2019-02-18');
INSERT INTO block_session (id, block_ID, session) VALUES (140, 7, '2019-02-20');
INSERT INTO block_session (id, block_ID, session) VALUES (141, 7, '2019-02-21');

INSERT INTO block_session (id, block_ID, session) VALUES (142, 8, '2019-02-25');
INSERT INTO block_session (id, block_ID, session) VALUES (143, 8, '2019-02-26');
INSERT INTO block_session (id, block_ID, session) VALUES (144, 8, '2019-02-27');
INSERT INTO block_session (id, block_ID, session) VALUES (145, 8, '2019-02-28');
INSERT INTO block_session (id, block_ID, session) VALUES (146, 8, '2019-03-01');
INSERT INTO block_session (id, block_ID, session) VALUES (147, 8, '2019-03-02');
INSERT INTO block_session (id, block_ID, session) VALUES (148, 8, '2019-03-04');
INSERT INTO block_session (id, block_ID, session) VALUES (149, 8, '2019-03-05');
INSERT INTO block_session (id, block_ID, session) VALUES (150, 8, '2019-03-06');
INSERT INTO block_session (id, block_ID, session) VALUES (151, 8, '2019-03-07');
INSERT INTO block_session (id, block_ID, session) VALUES (152, 8, '2019-03-08');
INSERT INTO block_session (id, block_ID, session) VALUES (153, 8, '2019-03-09');
INSERT INTO block_session (id, block_ID, session) VALUES (154, 8, '2019-03-11');
INSERT INTO block_session (id, block_ID, session) VALUES (155, 8, '2019-03-12');
INSERT INTO block_session (id, block_ID, session) VALUES (156, 8, '2019-03-13');
INSERT INTO block_session (id, block_ID, session) VALUES (157, 8, '2019-03-14');
INSERT INTO block_session (id, block_ID, session) VALUES (158, 8, '2019-03-15');
INSERT INTO block_session (id, block_ID, session) VALUES (159, 8, '2019-03-16');
INSERT INTO block_session (id, block_ID, session) VALUES (160, 8, '2019-03-18');
INSERT INTO block_session (id, block_ID, session) VALUES (161, 8, '2019-03-19');
INSERT INTO block_session (id, block_ID, session) VALUES (162, 8, '2019-03-20');
INSERT INTO block_session (id, block_ID, session) VALUES (163, 8, '2019-03-21');

---------------------------------------------------------------------------------------------
INSERT INTO Place (id, placeid, place_name) VALUES (1, 'DB', 'Dalby Hall');
INSERT INTO Place (id, placeid, place_name) VALUES (2, 'HH', 'Women Dorm');

---------------------------------------------------------------------------------------------
INSERT INTO TypeTM (id, from_time, to_time, typeid, type_name) VALUES (1, '7:55:00', '9:25:00', 'EAM', 'Early morning');
INSERT INTO TypeTM (id, from_time, to_time, typeid, type_name) VALUES (2, '8:45:00', '9:15:00', 'AM', 'Morning');
INSERT INTO TypeTM (id, from_time, to_time, typeid, type_name) VALUES (3, '13:30:00', '15:00:00', 'DC', 'DC');

---------------------------------------------------------------------------------------------
INSERT INTO Entry (id, date_entry) VALUES (1, '2018-08-08');
INSERT INTO Entry (id, date_entry) VALUES (2, '2018-11-08');
INSERT INTO Entry (id, date_entry) VALUES (3, '2019-02-08');

---------------------------------------------------------------------------------------------
INSERT INTO Person (id, bar_code, first_Name, last_Name, birthDay, gender) VALUES (1, '123456', 'Rujuan', 'Xing', '1991-09-10', 'F');
INSERT INTO Person (id, bar_code, first_Name, last_Name, birthDay, gender) VALUES (2, '123457', 'Mrudula', 'Mukadam', '1988-12-14', 'F');
INSERT INTO Person (id, bar_code, first_Name, last_Name, birthDay, gender) VALUES (3, '123458', 'Renuka', 'Mohanraj', '1985-09-10', 'F');
INSERT INTO Person (id, bar_code, first_Name, last_Name, birthDay, gender) VALUES (4, '123459', 'Gregory', 'Guthrie', '1985-09-10', 'M');
INSERT INTO Person (id, bar_code, first_Name, last_Name, birthDay, gender) VALUES (5, '123454', 'Bruce', 'Lester', '1985-09-10', 'M');

---------------------------------------------------------------------------------------------
INSERT INTO Faculty (id, facultyid) VALUES (1, '100001');
INSERT INTO Faculty (id, facultyid) VALUES (2, '100002');
INSERT INTO Faculty (id, facultyid) VALUES (3, '100003');
INSERT INTO Faculty (id, facultyid) VALUES (4, '100004');
INSERT INTO Faculty (id, facultyid) VALUES (5, '100005');

---------------------------------------------------------------------------------------------
INSERT INTO Person (id, bar_code, first_Name, last_Name, birthDay, gender) VALUES (6, '7888', 'Aku', 'Lange', null, null);
INSERT INTO Student (id, entry_id, studentid) VALUES (6, 1, '986000');
INSERT INTO Person (id, bar_code, first_Name, last_Name, birthDay, gender) VALUES (7, '7326', 'Shaima', 'Heymans', null, null);
INSERT INTO Student (id, entry_id, studentid) VALUES (7, 1, '986001');
INSERT INTO Person (id, bar_code, first_Name, last_Name, birthDay, gender) VALUES (8, '7698', 'Ksenia', 'Brock', null, null);
INSERT INTO Student (id, entry_id, studentid) VALUES (8, 1, '986002');
INSERT INTO Person (id, bar_code, first_Name, last_Name, birthDay, gender) VALUES (9, '7417', 'Marjatta', 'Freud', null, null);
INSERT INTO Student (id, entry_id, studentid) VALUES (9, 1, '986003'); 
INSERT INTO Person (id, bar_code, first_Name, last_Name, birthDay, gender) VALUES (10, '7839', 'Ashtad', 'Stacy', null, null);
INSERT INTO Student (id, entry_id, studentid) VALUES (10, 1, '986004');
INSERT INTO Person (id, bar_code, first_Name, last_Name, birthDay, gender) VALUES (11, '7284', 'Hildebrand', 'Romanov', null, null);
INSERT INTO Student (id, entry_id, studentid) VALUES (11, 1, '986005');
INSERT INTO Person (id, bar_code, first_Name, last_Name, birthDay, gender) VALUES (12, '7482', 'Josefine', 'Seward', null, null);
INSERT INTO Student (id, entry_id, studentid) VALUES (12, 1, '986006');
INSERT INTO Person (id, bar_code, first_Name, last_Name, birthDay, gender) VALUES (13, '7938', 'Neske', 'Randell', null, null);
INSERT INTO Student (id, entry_id, studentid) VALUES (13, 1, '986007');
INSERT INTO Person (id, bar_code, first_Name, last_Name, birthDay, gender) VALUES (14, '7870', 'Firmino', 'Rider', null, null);
INSERT INTO Student (id, entry_id, studentid) VALUES (14, 1, '986008');
INSERT INTO Person (id, bar_code, first_Name, last_Name, birthDay, gender) VALUES (15, '7623', 'Rachna', 'Freud', null, null);
INSERT INTO Student (id, entry_id, studentid) VALUES (15, 1, '986009');
INSERT INTO Person (id, bar_code, first_Name, last_Name, birthDay, gender) VALUES (16, '6047', 'Marjatta', 'Waldfogel', null, null);
INSERT INTO Student (id, entry_id, studentid) VALUES (16, 1, '986010');
INSERT INTO Person (id, bar_code, first_Name, last_Name, birthDay, gender) VALUES (17, '6724', 'Lei', 'Goldhirsch', null, null);
INSERT INTO Student (id, entry_id, studentid) VALUES (17, 1, '986011');
INSERT INTO Person (id, bar_code, first_Name, last_Name, birthDay, gender) VALUES (18, '7649', 'Akane', 'Haywood', null, null);
INSERT INTO Student (id, entry_id, studentid) VALUES (18, 1, '986012');
INSERT INTO Person (id, bar_code, first_Name, last_Name, birthDay, gender) VALUES (19, '7664', 'Marjatta', 'Short', null, null);
INSERT INTO Student (id, entry_id, studentid) VALUES (19, 1, '986013');
INSERT INTO Person (id, bar_code, first_Name, last_Name, birthDay, gender) VALUES (20, '7532', 'Filiberto', 'Freud', null, null);
INSERT INTO Student (id, entry_id, studentid) VALUES (20, 1, '986014');
INSERT INTO Person (id, bar_code, first_Name, last_Name, birthDay, gender) VALUES (21, '7763', 'Jourdain', 'Evangelista', null, null);
INSERT INTO Student (id, entry_id, studentid) VALUES (21, 1, '986015');
INSERT INTO Person (id, bar_code, first_Name, last_Name, birthDay, gender) VALUES (22, '7409', 'Naia', 'Horn', null, null);
INSERT INTO Student (id, entry_id, studentid) VALUES (22, 1, '986016');
INSERT INTO Person (id, bar_code, first_Name, last_Name, birthDay, gender) VALUES (23, '7862', 'Raju', 'Manco', null, null);
INSERT INTO Student (id, entry_id, studentid) VALUES (23, 1, '986017');
INSERT INTO Person (id, bar_code, first_Name, last_Name, birthDay, gender) VALUES (24, '7946', 'Yllka', 'Bullock', null, null);
INSERT INTO Student (id, entry_id, studentid) VALUES (24, 1, '986018');
INSERT INTO Person (id, bar_code, first_Name, last_Name, birthDay, gender) VALUES (25, '7433', 'Brendan', 'Tchaikovsky', null, null);
INSERT INTO Student (id, entry_id, studentid) VALUES (25, 1, '986019');
INSERT INTO Person (id, bar_code, first_Name, last_Name, birthDay, gender) VALUES (26, '7722', 'Philippos', 'Donnchadh', null, null);
INSERT INTO Student (id, entry_id, studentid) VALUES (26, 1, '986020');
INSERT INTO Person (id, bar_code, first_Name, last_Name, birthDay, gender) VALUES (27, '7375', 'Chetana', 'Adalbert', null, null);
INSERT INTO Student (id, entry_id, studentid) VALUES (27, 1, '986021'); 
INSERT INTO Person (id, bar_code, first_Name, last_Name, birthDay, gender) VALUES (28, '7359', 'Gulshan', 'Agathe', null, null);
INSERT INTO Student (id, entry_id, studentid) VALUES (28, 1, '986022'); 
INSERT INTO Person (id, bar_code, first_Name, last_Name, birthDay, gender) VALUES (29, '7441', 'Metis', 'Garrett', null, null);
INSERT INTO Student (id, entry_id, studentid) VALUES (29, 1, '986023'); 
INSERT INTO Person (id, bar_code, first_Name, last_Name, birthDay, gender) VALUES (30, '7490', 'Seema', 'Wasim', null, null);
INSERT INTO Student (id, entry_id, studentid) VALUES (30, 1, '986024'); 
INSERT INTO Person (id, bar_code, first_Name, last_Name, birthDay, gender) VALUES (31, '7474', 'Zelimkhan', 'Kasih', null, null);
INSERT INTO Student (id, entry_id, studentid) VALUES (31, 1, '986025'); 
INSERT INTO Person (id, bar_code, first_Name, last_Name, birthDay, gender) VALUES (32, '7334', 'Efraim', 'Witold', null, null);
INSERT INTO Student (id, entry_id, studentid) VALUES (32, 1, '986026'); 
INSERT INTO Person (id, bar_code, first_Name, last_Name, birthDay, gender) VALUES (33, '7342', 'Behrouz', 'Laurits', null, null);
INSERT INTO Student (id, entry_id, studentid) VALUES (33, 1, '986027'); 
INSERT INTO Person (id, bar_code, first_Name, last_Name, birthDay, gender) VALUES (34, '7672', 'Erika', 'Imran', null, null);
INSERT INTO Student (id, entry_id, studentid) VALUES (34, 1, '986028'); 
INSERT INTO Person (id, bar_code, first_Name, last_Name, birthDay, gender) VALUES (35, '7383', 'Theocritus', 'Anna', null, null);
INSERT INTO Student (id, entry_id, studentid) VALUES (35, 1, '986029'); 
INSERT INTO Person (id, bar_code, first_Name, last_Name, birthDay, gender) VALUES (36, '5981', 'Helmfried', 'Foma', null, null);
INSERT INTO Student (id, entry_id, studentid) VALUES (36, 1, '986030'); 
INSERT INTO Person (id, bar_code, first_Name, last_Name, birthDay, gender) VALUES (37, '8001', 'Desislav', 'Viraj', null, null);
INSERT INTO Student (id, entry_id, studentid) VALUES (37, 1, '986031'); 
INSERT INTO Person (id, bar_code, first_Name, last_Name, birthDay, gender) VALUES (38, '4514', 'Matilda', 'Havva', null, null);
INSERT INTO Student (id, entry_id, studentid) VALUES (38, 1, '986032'); 
INSERT INTO Person (id, bar_code, first_Name, last_Name, birthDay, gender) VALUES (39, '5551', 'Diarmuid', 'Ryana', null, null);
INSERT INTO Student (id, entry_id, studentid) VALUES (39, 1, '986033'); 
INSERT INTO Person (id, bar_code, first_Name, last_Name, birthDay, gender) VALUES (40, '6278', 'Teodora', 'Ingeburg', null, null);
INSERT INTO Student (id, entry_id, studentid) VALUES (40, 1, '986034'); 
INSERT INTO Person (id, bar_code, first_Name, last_Name, birthDay, gender) VALUES (41, '7748', 'Merton', 'Arseniy', null, null);
INSERT INTO Student (id, entry_id, studentid) VALUES (41, 1, '986035'); 
INSERT INTO Person (id, bar_code, first_Name, last_Name, birthDay, gender) VALUES (42, '7847', 'Lynton', 'Teodoro', null, null);
INSERT INTO Student (id, entry_id, studentid) VALUES (42, 1, '986036'); 
INSERT INTO Person (id, bar_code, first_Name, last_Name, birthDay, gender) VALUES (43, '7565', 'Lucianus', 'Henda', null, null);
INSERT INTO Student (id, entry_id, studentid) VALUES (43, 1, '986037'); 
INSERT INTO Person (id, bar_code, first_Name, last_Name, birthDay, gender) VALUES (44, '7466', 'Thea', 'Maya', null, null);
INSERT INTO Student (id, entry_id, studentid) VALUES (44, 1, '986038'); 
INSERT INTO Person (id, bar_code, first_Name, last_Name, birthDay, gender) VALUES (45, '7425', 'Phaidros', 'Damir', null, null);
INSERT INTO Student (id, entry_id, studentid) VALUES (45, 1, '986039'); 
INSERT INTO Person (id, bar_code, first_Name, last_Name, birthDay, gender) VALUES (46, '7599', 'Sofia', 'Ethelyn', null, null);
INSERT INTO Student (id, entry_id, studentid) VALUES (46, 1, '986040'); 
INSERT INTO Person (id, bar_code, first_Name, last_Name, birthDay, gender) VALUES (47, '7714', 'Robert', 'Winslow', null, null);
INSERT INTO Student (id, entry_id, studentid) VALUES (47, 1, '986041'); 
INSERT INTO Person (id, bar_code, first_Name, last_Name, birthDay, gender) VALUES (48, '7920', 'Fabius', 'Tase', null, null);
INSERT INTO Student (id, entry_id, studentid) VALUES (48, 1, '986042'); 
INSERT INTO Person (id, bar_code, first_Name, last_Name, birthDay, gender) VALUES (49, '7656', 'Grigor', 'Yonit', null, null);
INSERT INTO Student (id, entry_id, studentid) VALUES (49, 1, '986043'); 
INSERT INTO Person (id, bar_code, first_Name, last_Name, birthDay, gender) VALUES (50, '7896', 'Grigoriy', 'Consuela', null, null);
INSERT INTO Student (id, entry_id, studentid) VALUES (50, 1, '986044'); 
INSERT INTO Person (id, bar_code, first_Name, last_Name, birthDay, gender) VALUES (51, '7573', 'Aristeidis', 'Neemias', null, null);
INSERT INTO Student (id, entry_id, studentid) VALUES (51, 1, '986045'); 
INSERT INTO Person (id, bar_code, first_Name, last_Name, birthDay, gender) VALUES (52, '7771', 'Gustaf', 'Jayant', null, null);
INSERT INTO Student (id, entry_id, studentid) VALUES (52, 1, '986046'); 
INSERT INTO Person (id, bar_code, first_Name, last_Name, birthDay, gender) VALUES (53, '7581', 'Iairus', 'Ketil', null, null);
INSERT INTO Student (id, entry_id, studentid) VALUES (53, 1, '986047'); 
INSERT INTO Person (id, bar_code, first_Name, last_Name, birthDay, gender) VALUES (54, '5809', 'Amalija', 'Stace', null, null);
INSERT INTO Student (id, entry_id, studentid) VALUES (54, 1, '986048'); 
INSERT INTO Person (id, bar_code, first_Name, last_Name, birthDay, gender) VALUES (55, '7631', 'Abihu', 'Goda', null, null);
INSERT INTO Student (id, entry_id, studentid) VALUES (55, 1, '986049'); 
INSERT INTO Person (id, bar_code, first_Name, last_Name, birthDay, gender) VALUES (56, '6740', 'Hymie', 'Valto', null, null);
INSERT INTO Student (id, entry_id, studentid) VALUES (56, 1, '986050'); 
INSERT INTO Person (id, bar_code, first_Name, last_Name, birthDay, gender) VALUES (57, '7805', 'Anatoly', 'Brendan', null, null);
INSERT INTO Student (id, entry_id, studentid) VALUES (57, 1, '986051'); 
INSERT INTO Person (id, bar_code, first_Name, last_Name, birthDay, gender) VALUES (58, '7516', 'Euthymia', 'Uma', null, null);
INSERT INTO Student (id, entry_id, studentid) VALUES (58, 1, '986052'); 
INSERT INTO Person (id, bar_code, first_Name, last_Name, birthDay, gender) VALUES (59, '7540', 'Nazih', 'Kotone', null, null);
INSERT INTO Student (id, entry_id, studentid) VALUES (59, 1, '986053'); 
INSERT INTO Person (id, bar_code, first_Name, last_Name, birthDay, gender) VALUES (60, '5593', 'Adriana', 'Kamaria', null, null);
INSERT INTO Student (id, entry_id, studentid) VALUES (60, 1, '986054'); 
INSERT INTO Person (id, bar_code, first_Name, last_Name, birthDay, gender) VALUES (61, '5783', 'Rodrigo', 'Aneliya', null, null);
INSERT INTO Student (id, entry_id, studentid) VALUES (61, 1, '986055'); 
INSERT INTO Person (id, bar_code, first_Name, last_Name, birthDay, gender) VALUES (62, '7391', 'Tomislava', 'Truls', null, null);
INSERT INTO Student (id, entry_id, studentid) VALUES (62, 1, '986056'); 
INSERT INTO Person (id, bar_code, first_Name, last_Name, birthDay, gender) VALUES (63, '7730', 'Luigsech', 'Frane', null, null);
INSERT INTO Student (id, entry_id, studentid) VALUES (63, 1, '986057'); 
INSERT INTO Person (id, bar_code, first_Name, last_Name, birthDay, gender) VALUES (64, '7706', 'Patricija', 'Witek', null, null);
INSERT INTO Student (id, entry_id, studentid) VALUES (64, 1, '986058'); 
INSERT INTO Person (id, bar_code, first_Name, last_Name, birthDay, gender) VALUES (65, '8076', 'Amit', 'Govind', null, null);
INSERT INTO Student (id, entry_id, studentid) VALUES (65, 1, '986059'); 
INSERT INTO Person (id, bar_code, first_Name, last_Name, birthDay, gender) VALUES (66, '8092', 'Prokopios', 'Eshe', null, null);
INSERT INTO Student (id, entry_id, studentid) VALUES (66, 1, '986060'); 
INSERT INTO Person (id, bar_code, first_Name, last_Name, birthDay, gender) VALUES (67, '8118', 'Gratiana', 'Gaubert', null, null);
INSERT INTO Student (id, entry_id, studentid) VALUES (67, 1, '986061'); 
INSERT INTO Person (id, bar_code, first_Name, last_Name, birthDay, gender) VALUES (68, '7557', 'Zyta', 'Ipatiy', null, null);
INSERT INTO Student (id, entry_id, studentid) VALUES (68, 1, '986062'); 
INSERT INTO Person (id, bar_code, first_Name, last_Name, birthDay, gender) VALUES (69, '7755', 'Aintzane', 'Roser', null, null);
INSERT INTO Student (id, entry_id, studentid) VALUES (69, 1, '986063'); 
INSERT INTO Person (id, bar_code, first_Name, last_Name, birthDay, gender) VALUES (70, '7953', 'Vasu', 'Jeni', null, null);
INSERT INTO Student (id, entry_id, studentid) VALUES (70, 1, '986064'); 
INSERT INTO Person (id, bar_code, first_Name, last_Name, birthDay, gender) VALUES (71, '3440', 'Letty', 'Abenner', null, null);
INSERT INTO Student (id, entry_id, studentid) VALUES (71, 1, '986065'); 
INSERT INTO Person (id, bar_code, first_Name, last_Name, birthDay, gender) VALUES (72, '2401', 'Oleksander', 'Suibhne', null, null);
INSERT INTO Student (id, entry_id, studentid) VALUES (72, 1, '986066'); 
INSERT INTO Person (id, bar_code, first_Name, last_Name, birthDay, gender) VALUES (73, '8050', 'Vlastimila', 'Helmold', null, null);
INSERT INTO Student (id, entry_id, studentid) VALUES (73, 1, '986067'); 
INSERT INTO Person (id, bar_code, first_Name, last_Name, birthDay, gender) VALUES (74, '7524', 'Calum', 'Archana', null, null);
INSERT INTO Student (id, entry_id, studentid) VALUES (74, 1, '986068'); 
INSERT INTO Person (id, bar_code, first_Name, last_Name, birthDay, gender) VALUES (75, '2780', 'Jarod', 'Zsuzsa', null, null);
INSERT INTO Student (id, entry_id, studentid) VALUES (75, 1, '986069'); 
INSERT INTO Person (id, bar_code, first_Name, last_Name, birthDay, gender) VALUES (76, '7615', 'Artur', 'Dwight', null, null);
INSERT INTO Student (id, entry_id, studentid) VALUES (76, 1, '986070'); 
INSERT INTO Person (id, bar_code, first_Name, last_Name, birthDay, gender) VALUES (77, '5817', 'Othmar', 'Ernesto', null, null);
INSERT INTO Student (id, entry_id, studentid) VALUES (77, 1, '986071'); 
INSERT INTO Person (id, bar_code, first_Name, last_Name, birthDay, gender) VALUES (78, '7995', 'Trixie', 'Tancredo', null, null);
INSERT INTO Student (id, entry_id, studentid) VALUES (78, 1, '986072'); 
INSERT INTO Person (id, bar_code, first_Name, last_Name, birthDay, gender) VALUES (79, '7680', 'Zackary', 'Daniel', null, null);
INSERT INTO Student (id, entry_id, studentid) VALUES (79, 1, '986073'); 
INSERT INTO Person (id, bar_code, first_Name, last_Name, birthDay, gender) VALUES (80, '7821', 'Naila', 'Inna', null, null);
INSERT INTO Student (id, entry_id, studentid) VALUES (80, 1, '986074'); 
INSERT INTO Person (id, bar_code, first_Name, last_Name, birthDay, gender) VALUES (81, '6583', 'Rebekka', 'Abiodun', null, null);
INSERT INTO Student (id, entry_id, studentid) VALUES (81, 1, '986075'); 
INSERT INTO Person (id, bar_code, first_Name, last_Name, birthDay, gender) VALUES (82, '6542', 'Kerem', 'Darshan', null, null);
INSERT INTO Student (id, entry_id, studentid) VALUES (82, 1, '986076'); 
INSERT INTO Person (id, bar_code, first_Name, last_Name, birthDay, gender) VALUES (83, '3820', 'Polydeukes', 'Shalev', null, null);
INSERT INTO Student (id, entry_id, studentid) VALUES (83, 1, '986077'); 
INSERT INTO Person (id, bar_code, first_Name, last_Name, birthDay, gender) VALUES (84, '8191', 'Elisheva', 'Enea', null, null);
INSERT INTO Student (id, entry_id, studentid) VALUES (84, 1, '986078'); 
INSERT INTO Person (id, bar_code, first_Name, last_Name, birthDay, gender) VALUES (85, '8100', 'Lagina', 'Nanna', null, null);
INSERT INTO Student (id, entry_id, studentid) VALUES (85, 1, '986079'); 
INSERT INTO Person (id, bar_code, first_Name, last_Name, birthDay, gender) VALUES (86, '8126', 'Wyatt', 'Dorete', null, null);
INSERT INTO Student (id, entry_id, studentid) VALUES (86, 1, '986080'); 
INSERT INTO Person (id, bar_code, first_Name, last_Name, birthDay, gender) VALUES (87, '8134', 'Dinesh', 'Mordad', null, null);
INSERT INTO Student (id, entry_id, studentid) VALUES (87, 1, '986081'); 
INSERT INTO Person (id, bar_code, first_Name, last_Name, birthDay, gender) VALUES (88, '1585', 'Godabert', 'Jelica', null, null);
INSERT INTO Student (id, entry_id, studentid) VALUES (88, 1, '986082'); 
INSERT INTO Person (id, bar_code, first_Name, last_Name, birthDay, gender) VALUES (89, '7367', 'Menodora', 'Bernhard', null, null);
INSERT INTO Student (id, entry_id, studentid) VALUES (89, 1, '986083'); 
INSERT INTO Person (id, bar_code, first_Name, last_Name, birthDay, gender) VALUES (90, '5908', 'Johanna', 'Jani', null, null);
INSERT INTO Student (id, entry_id, studentid) VALUES (90, 1, '986084'); 
INSERT INTO Person (id, bar_code, first_Name, last_Name, birthDay, gender) VALUES (91, '6187', 'Rajni', 'Kamila', null, null);
INSERT INTO Student (id, entry_id, studentid) VALUES (91, 1, '986085'); 
INSERT INTO Person (id, bar_code, first_Name, last_Name, birthDay, gender) VALUES (92, '6195', 'Toma', 'Prakash', null, null);
INSERT INTO Student (id, entry_id, studentid) VALUES (92, 1, '986086'); 
INSERT INTO Person (id, bar_code, first_Name, last_Name, birthDay, gender) VALUES (93, '5924', 'Carmelo', 'Diana', null, null);
INSERT INTO Student (id, entry_id, studentid) VALUES (93, 1, '986087'); 
INSERT INTO Person (id, bar_code, first_Name, last_Name, birthDay, gender) VALUES (94, '5676', 'Nena', 'Eutychios', null, null);
INSERT INTO Student (id, entry_id, studentid) VALUES (94, 1, '986088'); 
INSERT INTO Person (id, bar_code, first_Name, last_Name, birthDay, gender) VALUES (95, '6070', 'Amada', 'Feliciana', null, null);
INSERT INTO Student (id, entry_id, studentid) VALUES (95, 1, '986089'); 
INSERT INTO Person (id, bar_code, first_Name, last_Name, birthDay, gender) VALUES (96, '6096', 'Radka', 'Cerridwyn', null, null);
INSERT INTO Student (id, entry_id, studentid) VALUES (96, 1, '986090'); 
INSERT INTO Person (id, bar_code, first_Name, last_Name, birthDay, gender) VALUES (97, '5106', 'Munya', 'Ivana', null, null);
INSERT INTO Student (id, entry_id, studentid) VALUES (97, 1, '986091'); 
INSERT INTO Person (id, bar_code, first_Name, last_Name, birthDay, gender) VALUES (98, '4893', 'Kamala', 'Oier', null, null);
INSERT INTO Student (id, entry_id, studentid) VALUES (98, 1, '986092'); 
INSERT INTO Person (id, bar_code, first_Name, last_Name, birthDay, gender) VALUES (99, '5791', 'Aldert', 'Vilma', null, null);
INSERT INTO Student (id, entry_id, studentid) VALUES (99, 1, '986093'); 
INSERT INTO Person (id, bar_code, first_Name, last_Name, birthDay, gender) VALUES (100, '5361', 'Muir', 'Frank', null, null);
INSERT INTO Student (id, entry_id, studentid) VALUES (100, 1, '986094'); 
INSERT INTO Person (id, bar_code, first_Name, last_Name, birthDay, gender) VALUES (101, '4943', 'Naime', 'Aemiliana', null, null);
INSERT INTO Student (id, entry_id, studentid) VALUES (101, 1, '986095'); 
INSERT INTO Person (id, bar_code, first_Name, last_Name, birthDay, gender) VALUES (102, '7508', 'Aliprand', 'Nils', null, null);
INSERT INTO Student (id, entry_id, studentid) VALUES (102, 1, '986096'); 
INSERT INTO Person (id, bar_code, first_Name, last_Name, birthDay, gender) VALUES (103, '5767', 'Lleu', 'Zoe', null, null);
INSERT INTO Student (id, entry_id, studentid) VALUES (103, 1, '986097'); 
INSERT INTO Person (id, bar_code, first_Name, last_Name, birthDay, gender) VALUES (104, '6062', 'Hallvard', 'Anuja', null, null);
INSERT INTO Student (id, entry_id, studentid) VALUES (104, 1, '986098'); 
INSERT INTO Person (id, bar_code, first_Name, last_Name, birthDay, gender) VALUES (105, '8316', 'Uzi', 'Imelda', null, null);
INSERT INTO Student (id, entry_id, studentid) VALUES (105, 1, '986099'); 
INSERT INTO Person (id, bar_code, first_Name, last_Name, birthDay, gender) VALUES (106, '7458', 'Phares', 'Zevulun', null, null);
INSERT INTO Student (id, entry_id, studentid) VALUES (106, 1, '986100');  
INSERT INTO Person (id, bar_code, first_Name, last_Name, birthDay, gender) VALUES (107, '8563', 'Alta', 'Luc', null, null);
INSERT INTO Student (id, entry_id, studentid) VALUES (107, 1, '986101');

---------------------------------------------------------------------------------------------
INSERT INTO course_block_faculty (id, block_id, course_id, faculty_id) VALUES (1, 1, 1, 1);  
INSERT INTO course_block_faculty (id, block_id, course_id, faculty_id) VALUES (2, 1, 2, 2);  
INSERT INTO course_block_faculty (id, block_id, course_id, faculty_id) VALUES (3, 1, 3, 3);  
INSERT INTO course_block_faculty (id, block_id, course_id, faculty_id) VALUES (4, 1, 4, 4); 
INSERT INTO course_block_faculty (id, block_id, course_id, faculty_id) VALUES (5, 1, 5, 5);
INSERT INTO course_block_faculty (id, block_id, course_id, faculty_id) VALUES (6, 2, 1, 5);
INSERT INTO course_block_faculty (id, block_id, course_id, faculty_id) VALUES (7, 2, 2, 4);
INSERT INTO course_block_faculty (id, block_id, course_id, faculty_id) VALUES (8, 2, 3, 3);
INSERT INTO course_block_faculty (id, block_id, course_id, faculty_id) VALUES (9, 2, 4, 2);
INSERT INTO course_block_faculty (id, block_id, course_id, faculty_id) VALUES (10, 2, 5, 1);
INSERT INTO course_block_faculty (id, block_id, course_id, faculty_id) VALUES (11, 3, 1, 3);
INSERT INTO course_block_faculty (id, block_id, course_id, faculty_id) VALUES (12, 3, 2, 2);
INSERT INTO course_block_faculty (id, block_id, course_id, faculty_id) VALUES (13, 3, 3, 1);
INSERT INTO course_block_faculty (id, block_id, course_id, faculty_id) VALUES (14, 3, 4, 5);
INSERT INTO course_block_faculty (id, block_id, course_id, faculty_id) VALUES (15, 3, 5, 4);
INSERT INTO course_block_faculty (id, block_id, course_id, faculty_id) VALUES (16, 4, 1, 1);  
INSERT INTO course_block_faculty (id, block_id, course_id, faculty_id) VALUES (17, 4, 2, 2);  
INSERT INTO course_block_faculty (id, block_id, course_id, faculty_id) VALUES (18, 4, 3, 3);  
INSERT INTO course_block_faculty (id, block_id, course_id, faculty_id) VALUES (19, 4, 4, 4); 
INSERT INTO course_block_faculty (id, block_id, course_id, faculty_id) VALUES (20, 4, 5, 5);
INSERT INTO course_block_faculty (id, block_id, course_id, faculty_id) VALUES (21, 5, 1, 5);
INSERT INTO course_block_faculty (id, block_id, course_id, faculty_id) VALUES (22, 5, 2, 4);
INSERT INTO course_block_faculty (id, block_id, course_id, faculty_id) VALUES (23, 5, 3, 3);
INSERT INTO course_block_faculty (id, block_id, course_id, faculty_id) VALUES (24, 5, 4, 2);
INSERT INTO course_block_faculty (id, block_id, course_id, faculty_id) VALUES (25, 5, 5, 1);
INSERT INTO course_block_faculty (id, block_id, course_id, faculty_id) VALUES (26, 6, 1, 3);
INSERT INTO course_block_faculty (id, block_id, course_id, faculty_id) VALUES (27, 6, 2, 2);
INSERT INTO course_block_faculty (id, block_id, course_id, faculty_id) VALUES (28, 6, 3, 1);
INSERT INTO course_block_faculty (id, block_id, course_id, faculty_id) VALUES (29, 6, 4, 5);
INSERT INTO course_block_faculty (id, block_id, course_id, faculty_id) VALUES (30, 6, 5, 4);
INSERT INTO course_block_faculty (id, block_id, course_id, faculty_id) VALUES (31, 7, 1, 3);
INSERT INTO course_block_faculty (id, block_id, course_id, faculty_id) VALUES (32, 7, 2, 2);
INSERT INTO course_block_faculty (id, block_id, course_id, faculty_id) VALUES (33, 7, 3, 1);
INSERT INTO course_block_faculty (id, block_id, course_id, faculty_id) VALUES (34, 7, 4, 5);
INSERT INTO course_block_faculty (id, block_id, course_id, faculty_id) VALUES (35, 7, 5, 4);
INSERT INTO course_block_faculty (id, block_id, course_id, faculty_id) VALUES (36, 8, 1, 1);  
INSERT INTO course_block_faculty (id, block_id, course_id, faculty_id) VALUES (37, 8, 2, 2);  
INSERT INTO course_block_faculty (id, block_id, course_id, faculty_id) VALUES (38, 8, 3, 3);  
INSERT INTO course_block_faculty (id, block_id, course_id, faculty_id) VALUES (39, 8, 4, 4); 
INSERT INTO course_block_faculty (id, block_id, course_id, faculty_id) VALUES (40, 8, 5, 5);

---------------------------------------------------------------------------------------------
INSERT INTO student_course (id, active, course_block_faculty_id, student_id) VALUES (1, 1, 1, 6);
INSERT INTO student_course (id, active, course_block_faculty_id, student_id) VALUES (2, 1, 1, 7);
INSERT INTO student_course (id, active, course_block_faculty_id, student_id) VALUES (3, 1, 1, 8);
INSERT INTO student_course (id, active, course_block_faculty_id, student_id) VALUES (4, 1, 1, 9);
INSERT INTO student_course (id, active, course_block_faculty_id, student_id) VALUES (5, 1, 1, 10);
INSERT INTO student_course (id, active, course_block_faculty_id, student_id) VALUES (6, 1, 1, 11);
INSERT INTO student_course (id, active, course_block_faculty_id, student_id) VALUES (7, 1, 1, 12);
INSERT INTO student_course (id, active, course_block_faculty_id, student_id) VALUES (8, 1, 1, 13);
INSERT INTO student_course (id, active, course_block_faculty_id, student_id) VALUES (9, 1, 1, 14);
INSERT INTO student_course (id, active, course_block_faculty_id, student_id) VALUES (10, 1, 1, 15);
INSERT INTO student_course (id, active, course_block_faculty_id, student_id) VALUES (11, 1, 1, 16);
INSERT INTO student_course (id, active, course_block_faculty_id, student_id) VALUES (12, 1, 1, 17);
INSERT INTO student_course (id, active, course_block_faculty_id, student_id) VALUES (13, 1, 1, 18);
INSERT INTO student_course (id, active, course_block_faculty_id, student_id) VALUES (14, 1, 1, 19);
INSERT INTO student_course (id, active, course_block_faculty_id, student_id) VALUES (15, 1, 1, 20);
INSERT INTO student_course (id, active, course_block_faculty_id, student_id) VALUES (16, 1, 1, 21);
INSERT INTO student_course (id, active, course_block_faculty_id, student_id) VALUES (17, 1, 1, 22);
INSERT INTO student_course (id, active, course_block_faculty_id, student_id) VALUES (18, 1, 1, 23);
INSERT INTO student_course (id, active, course_block_faculty_id, student_id) VALUES (19, 1, 1, 24);
INSERT INTO student_course (id, active, course_block_faculty_id, student_id) VALUES (20, 1, 1, 25);

INSERT INTO student_course (id, active, course_block_faculty_id, student_id) VALUES (21, 1, 2, 26);
INSERT INTO student_course (id, active, course_block_faculty_id, student_id) VALUES (22, 1, 2, 27);
INSERT INTO student_course (id, active, course_block_faculty_id, student_id) VALUES (23, 1, 2, 28);
INSERT INTO student_course (id, active, course_block_faculty_id, student_id) VALUES (24, 1, 2, 29);
INSERT INTO student_course (id, active, course_block_faculty_id, student_id) VALUES (25, 1, 2, 30);
INSERT INTO student_course (id, active, course_block_faculty_id, student_id) VALUES (26, 1, 2, 31);
INSERT INTO student_course (id, active, course_block_faculty_id, student_id) VALUES (27, 1, 2, 32);
INSERT INTO student_course (id, active, course_block_faculty_id, student_id) VALUES (28, 1, 2, 33);
INSERT INTO student_course (id, active, course_block_faculty_id, student_id) VALUES (29, 1, 2, 34);
INSERT INTO student_course (id, active, course_block_faculty_id, student_id) VALUES (30, 1, 2, 35);
INSERT INTO student_course (id, active, course_block_faculty_id, student_id) VALUES (31, 1, 2, 36);
INSERT INTO student_course (id, active, course_block_faculty_id, student_id) VALUES (32, 1, 2, 37);
INSERT INTO student_course (id, active, course_block_faculty_id, student_id) VALUES (33, 1, 2, 38);
INSERT INTO student_course (id, active, course_block_faculty_id, student_id) VALUES (34, 1, 2, 39);
INSERT INTO student_course (id, active, course_block_faculty_id, student_id) VALUES (35, 1, 2, 40);
INSERT INTO student_course (id, active, course_block_faculty_id, student_id) VALUES (36, 1, 2, 41);
INSERT INTO student_course (id, active, course_block_faculty_id, student_id) VALUES (37, 1, 2, 42);
INSERT INTO student_course (id, active, course_block_faculty_id, student_id) VALUES (38, 1, 2, 43);
INSERT INTO student_course (id, active, course_block_faculty_id, student_id) VALUES (39, 1, 2, 44);
INSERT INTO student_course (id, active, course_block_faculty_id, student_id) VALUES (40, 1, 2, 45);

INSERT INTO student_course (id, active, course_block_faculty_id, student_id) VALUES (41, 1, 3, 46);
INSERT INTO student_course (id, active, course_block_faculty_id, student_id) VALUES (42, 1, 3, 47);
INSERT INTO student_course (id, active, course_block_faculty_id, student_id) VALUES (43, 1, 3, 48);
INSERT INTO student_course (id, active, course_block_faculty_id, student_id) VALUES (44, 1, 3, 49);
INSERT INTO student_course (id, active, course_block_faculty_id, student_id) VALUES (45, 1, 3, 50);
INSERT INTO student_course (id, active, course_block_faculty_id, student_id) VALUES (46, 1, 3, 51);
INSERT INTO student_course (id, active, course_block_faculty_id, student_id) VALUES (47, 1, 3, 52);
INSERT INTO student_course (id, active, course_block_faculty_id, student_id) VALUES (48, 1, 3, 53);
INSERT INTO student_course (id, active, course_block_faculty_id, student_id) VALUES (49, 1, 3, 54);
INSERT INTO student_course (id, active, course_block_faculty_id, student_id) VALUES (50, 1, 3, 55);
INSERT INTO student_course (id, active, course_block_faculty_id, student_id) VALUES (51, 1, 3, 56);
INSERT INTO student_course (id, active, course_block_faculty_id, student_id) VALUES (52, 1, 3, 57);
INSERT INTO student_course (id, active, course_block_faculty_id, student_id) VALUES (53, 1, 3, 58);
INSERT INTO student_course (id, active, course_block_faculty_id, student_id) VALUES (54, 1, 3, 59);
INSERT INTO student_course (id, active, course_block_faculty_id, student_id) VALUES (55, 1, 3, 60);
INSERT INTO student_course (id, active, course_block_faculty_id, student_id) VALUES (56, 1, 3, 61);
INSERT INTO student_course (id, active, course_block_faculty_id, student_id) VALUES (57, 1, 3, 62);
INSERT INTO student_course (id, active, course_block_faculty_id, student_id) VALUES (58, 1, 3, 63);
INSERT INTO student_course (id, active, course_block_faculty_id, student_id) VALUES (59, 1, 3, 64);
INSERT INTO student_course (id, active, course_block_faculty_id, student_id) VALUES (60, 1, 3, 65);

INSERT INTO student_course (id, active, course_block_faculty_id, student_id) VALUES (61, 1, 4, 66);
INSERT INTO student_course (id, active, course_block_faculty_id, student_id) VALUES (62, 1, 4, 67);
INSERT INTO student_course (id, active, course_block_faculty_id, student_id) VALUES (63, 1, 4, 68);
INSERT INTO student_course (id, active, course_block_faculty_id, student_id) VALUES (64, 1, 4, 69);
INSERT INTO student_course (id, active, course_block_faculty_id, student_id) VALUES (65, 1, 4, 70);
INSERT INTO student_course (id, active, course_block_faculty_id, student_id) VALUES (66, 1, 4, 71);
INSERT INTO student_course (id, active, course_block_faculty_id, student_id) VALUES (67, 1, 4, 72);
INSERT INTO student_course (id, active, course_block_faculty_id, student_id) VALUES (68, 1, 4, 73);
INSERT INTO student_course (id, active, course_block_faculty_id, student_id) VALUES (69, 1, 4, 74);
INSERT INTO student_course (id, active, course_block_faculty_id, student_id) VALUES (70, 1, 4, 75);
INSERT INTO student_course (id, active, course_block_faculty_id, student_id) VALUES (71, 1, 4, 76);
INSERT INTO student_course (id, active, course_block_faculty_id, student_id) VALUES (72, 1, 4, 77);
INSERT INTO student_course (id, active, course_block_faculty_id, student_id) VALUES (73, 1, 4, 78);
INSERT INTO student_course (id, active, course_block_faculty_id, student_id) VALUES (74, 1, 4, 79);
INSERT INTO student_course (id, active, course_block_faculty_id, student_id) VALUES (75, 1, 4, 80);
INSERT INTO student_course (id, active, course_block_faculty_id, student_id) VALUES (76, 1, 4, 81);
INSERT INTO student_course (id, active, course_block_faculty_id, student_id) VALUES (77, 1, 4, 82);
INSERT INTO student_course (id, active, course_block_faculty_id, student_id) VALUES (78, 1, 4, 83);
INSERT INTO student_course (id, active, course_block_faculty_id, student_id) VALUES (79, 1, 4, 84);
INSERT INTO student_course (id, active, course_block_faculty_id, student_id) VALUES (80, 1, 4, 85);

INSERT INTO student_course (id, active, course_block_faculty_id, student_id) VALUES (81, 1, 5, 86);
INSERT INTO student_course (id, active, course_block_faculty_id, student_id) VALUES (82, 1, 5, 87);
INSERT INTO student_course (id, active, course_block_faculty_id, student_id) VALUES (83, 1, 5, 88);
INSERT INTO student_course (id, active, course_block_faculty_id, student_id) VALUES (84, 1, 5, 89);
INSERT INTO student_course (id, active, course_block_faculty_id, student_id) VALUES (85, 1, 5, 90);
INSERT INTO student_course (id, active, course_block_faculty_id, student_id) VALUES (86, 1, 5, 91);
INSERT INTO student_course (id, active, course_block_faculty_id, student_id) VALUES (87, 1, 5, 92);
INSERT INTO student_course (id, active, course_block_faculty_id, student_id) VALUES (88, 1, 5, 93);
INSERT INTO student_course (id, active, course_block_faculty_id, student_id) VALUES (89, 1, 5, 94);
INSERT INTO student_course (id, active, course_block_faculty_id, student_id) VALUES (90, 1, 5, 95);
INSERT INTO student_course (id, active, course_block_faculty_id, student_id) VALUES (91, 1, 5, 96);
INSERT INTO student_course (id, active, course_block_faculty_id, student_id) VALUES (92, 1, 5, 97);
INSERT INTO student_course (id, active, course_block_faculty_id, student_id) VALUES (93, 1, 5, 98);
INSERT INTO student_course (id, active, course_block_faculty_id, student_id) VALUES (94, 1, 5, 99);
INSERT INTO student_course (id, active, course_block_faculty_id, student_id) VALUES (95, 1, 5, 100);
INSERT INTO student_course (id, active, course_block_faculty_id, student_id) VALUES (96, 1, 5, 101);
INSERT INTO student_course (id, active, course_block_faculty_id, student_id) VALUES (97, 1, 5, 102);
INSERT INTO student_course (id, active, course_block_faculty_id, student_id) VALUES (98, 1, 5, 103);
INSERT INTO student_course (id, active, course_block_faculty_id, student_id) VALUES (99, 1, 5, 104);
INSERT INTO student_course (id, active, course_block_faculty_id, student_id) VALUES (100, 1, 5, 105);
INSERT INTO student_course (id, active, course_block_faculty_id, student_id) VALUES (101, 1, 5, 106);
INSERT INTO student_course (id, active, course_block_faculty_id, student_id) VALUES (102, 1, 5, 107);

---------------------------------------------------------------------------------------------
INSERT INTO student_course (id, active, course_block_faculty_id, student_id) VALUES (103, 1, 6, 6);
INSERT INTO student_course (id, active, course_block_faculty_id, student_id) VALUES (104, 1, 6, 7);
INSERT INTO student_course (id, active, course_block_faculty_id, student_id) VALUES (105, 1, 6, 8);
INSERT INTO student_course (id, active, course_block_faculty_id, student_id) VALUES (106, 1, 6, 9);
INSERT INTO student_course (id, active, course_block_faculty_id, student_id) VALUES (107, 1, 6, 10);
INSERT INTO student_course (id, active, course_block_faculty_id, student_id) VALUES (108, 1, 6, 11);
INSERT INTO student_course (id, active, course_block_faculty_id, student_id) VALUES (109, 1, 6, 12);
INSERT INTO student_course (id, active, course_block_faculty_id, student_id) VALUES (110, 1, 6, 13);
INSERT INTO student_course (id, active, course_block_faculty_id, student_id) VALUES (111, 1, 6, 14);
INSERT INTO student_course (id, active, course_block_faculty_id, student_id) VALUES (112, 1, 6, 15);
INSERT INTO student_course (id, active, course_block_faculty_id, student_id) VALUES (113, 1, 6, 16);
INSERT INTO student_course (id, active, course_block_faculty_id, student_id) VALUES (114, 1, 6, 17);
INSERT INTO student_course (id, active, course_block_faculty_id, student_id) VALUES (115, 1, 6, 18);
INSERT INTO student_course (id, active, course_block_faculty_id, student_id) VALUES (116, 1, 6, 19);
INSERT INTO student_course (id, active, course_block_faculty_id, student_id) VALUES (117, 1, 6, 20);
INSERT INTO student_course (id, active, course_block_faculty_id, student_id) VALUES (118, 1, 6, 21);
INSERT INTO student_course (id, active, course_block_faculty_id, student_id) VALUES (119, 1, 6, 22);
INSERT INTO student_course (id, active, course_block_faculty_id, student_id) VALUES (120, 1, 6, 23);
INSERT INTO student_course (id, active, course_block_faculty_id, student_id) VALUES (121, 1, 6, 24);
INSERT INTO student_course (id, active, course_block_faculty_id, student_id) VALUES (122, 1, 6, 25);

INSERT INTO student_course (id, active, course_block_faculty_id, student_id) VALUES (123, 1, 7, 26);
INSERT INTO student_course (id, active, course_block_faculty_id, student_id) VALUES (124, 1, 7, 27);
INSERT INTO student_course (id, active, course_block_faculty_id, student_id) VALUES (125, 1, 7, 28);
INSERT INTO student_course (id, active, course_block_faculty_id, student_id) VALUES (126, 1, 7, 29);
INSERT INTO student_course (id, active, course_block_faculty_id, student_id) VALUES (127, 1, 7, 30);
INSERT INTO student_course (id, active, course_block_faculty_id, student_id) VALUES (128, 1, 7, 31);
INSERT INTO student_course (id, active, course_block_faculty_id, student_id) VALUES (129, 1, 7, 32);
INSERT INTO student_course (id, active, course_block_faculty_id, student_id) VALUES (130, 1, 7, 33);
INSERT INTO student_course (id, active, course_block_faculty_id, student_id) VALUES (131, 1, 7, 34);
INSERT INTO student_course (id, active, course_block_faculty_id, student_id) VALUES (132, 1, 7, 35);
INSERT INTO student_course (id, active, course_block_faculty_id, student_id) VALUES (133, 1, 7, 36);
INSERT INTO student_course (id, active, course_block_faculty_id, student_id) VALUES (134, 1, 7, 37);
INSERT INTO student_course (id, active, course_block_faculty_id, student_id) VALUES (135, 1, 7, 38);
INSERT INTO student_course (id, active, course_block_faculty_id, student_id) VALUES (136, 1, 7, 39);
INSERT INTO student_course (id, active, course_block_faculty_id, student_id) VALUES (137, 1, 7, 40);
INSERT INTO student_course (id, active, course_block_faculty_id, student_id) VALUES (138, 1, 7, 41);
INSERT INTO student_course (id, active, course_block_faculty_id, student_id) VALUES (139, 1, 7, 42);
INSERT INTO student_course (id, active, course_block_faculty_id, student_id) VALUES (140, 1, 7, 43);
INSERT INTO student_course (id, active, course_block_faculty_id, student_id) VALUES (141, 1, 7, 44);
INSERT INTO student_course (id, active, course_block_faculty_id, student_id) VALUES (142, 1, 7, 45);

INSERT INTO student_course (id, active, course_block_faculty_id, student_id) VALUES (143, 1, 8, 46);
INSERT INTO student_course (id, active, course_block_faculty_id, student_id) VALUES (144, 1, 8, 47);
INSERT INTO student_course (id, active, course_block_faculty_id, student_id) VALUES (145, 1, 8, 48);
INSERT INTO student_course (id, active, course_block_faculty_id, student_id) VALUES (146, 1, 8, 49);
INSERT INTO student_course (id, active, course_block_faculty_id, student_id) VALUES (147, 1, 8, 50);
INSERT INTO student_course (id, active, course_block_faculty_id, student_id) VALUES (148, 1, 8, 51);
INSERT INTO student_course (id, active, course_block_faculty_id, student_id) VALUES (149, 1, 8, 52);
INSERT INTO student_course (id, active, course_block_faculty_id, student_id) VALUES (150, 1, 8, 53);
INSERT INTO student_course (id, active, course_block_faculty_id, student_id) VALUES (151, 1, 8, 54);
INSERT INTO student_course (id, active, course_block_faculty_id, student_id) VALUES (152, 1, 8, 55);
INSERT INTO student_course (id, active, course_block_faculty_id, student_id) VALUES (153, 1, 8, 56);
INSERT INTO student_course (id, active, course_block_faculty_id, student_id) VALUES (154, 1, 8, 57);
INSERT INTO student_course (id, active, course_block_faculty_id, student_id) VALUES (155, 1, 8, 58);
INSERT INTO student_course (id, active, course_block_faculty_id, student_id) VALUES (156, 1, 8, 59);
INSERT INTO student_course (id, active, course_block_faculty_id, student_id) VALUES (157, 1, 8, 60);
INSERT INTO student_course (id, active, course_block_faculty_id, student_id) VALUES (158, 1, 8, 61);
INSERT INTO student_course (id, active, course_block_faculty_id, student_id) VALUES (159, 1, 8, 62);
INSERT INTO student_course (id, active, course_block_faculty_id, student_id) VALUES (160, 1, 8, 63);
INSERT INTO student_course (id, active, course_block_faculty_id, student_id) VALUES (161, 1, 8, 64);
INSERT INTO student_course (id, active, course_block_faculty_id, student_id) VALUES (162, 1, 8, 65);

INSERT INTO student_course (id, active, course_block_faculty_id, student_id) VALUES (163, 1, 9, 66);
INSERT INTO student_course (id, active, course_block_faculty_id, student_id) VALUES (164, 1, 9, 67);
INSERT INTO student_course (id, active, course_block_faculty_id, student_id) VALUES (165, 1, 9, 68);
INSERT INTO student_course (id, active, course_block_faculty_id, student_id) VALUES (166, 1, 9, 69);
INSERT INTO student_course (id, active, course_block_faculty_id, student_id) VALUES (167, 1, 9, 70);
INSERT INTO student_course (id, active, course_block_faculty_id, student_id) VALUES (168, 1, 9, 71);
INSERT INTO student_course (id, active, course_block_faculty_id, student_id) VALUES (169, 1, 9, 72);
INSERT INTO student_course (id, active, course_block_faculty_id, student_id) VALUES (170, 1, 9, 73);
INSERT INTO student_course (id, active, course_block_faculty_id, student_id) VALUES (171, 1, 9, 74);
INSERT INTO student_course (id, active, course_block_faculty_id, student_id) VALUES (172, 1, 9, 75);
INSERT INTO student_course (id, active, course_block_faculty_id, student_id) VALUES (173, 1, 9, 76);
INSERT INTO student_course (id, active, course_block_faculty_id, student_id) VALUES (174, 1, 9, 77);
INSERT INTO student_course (id, active, course_block_faculty_id, student_id) VALUES (175, 1, 9, 78);
INSERT INTO student_course (id, active, course_block_faculty_id, student_id) VALUES (176, 1, 9, 79);
INSERT INTO student_course (id, active, course_block_faculty_id, student_id) VALUES (177, 1, 9, 80);
INSERT INTO student_course (id, active, course_block_faculty_id, student_id) VALUES (178, 1, 9, 81);
INSERT INTO student_course (id, active, course_block_faculty_id, student_id) VALUES (179, 1, 9, 82);
INSERT INTO student_course (id, active, course_block_faculty_id, student_id) VALUES (180, 1, 9, 83);
INSERT INTO student_course (id, active, course_block_faculty_id, student_id) VALUES (181, 1, 9, 84);
INSERT INTO student_course (id, active, course_block_faculty_id, student_id) VALUES (182, 1, 9, 85);

INSERT INTO student_course (id, active, course_block_faculty_id, student_id) VALUES (183, 1, 10, 86);
INSERT INTO student_course (id, active, course_block_faculty_id, student_id) VALUES (184, 1, 10, 87);
INSERT INTO student_course (id, active, course_block_faculty_id, student_id) VALUES (185, 1, 10, 88);
INSERT INTO student_course (id, active, course_block_faculty_id, student_id) VALUES (186, 1, 10, 89);
INSERT INTO student_course (id, active, course_block_faculty_id, student_id) VALUES (187, 1, 10, 90);
INSERT INTO student_course (id, active, course_block_faculty_id, student_id) VALUES (188, 1, 10, 91);
INSERT INTO student_course (id, active, course_block_faculty_id, student_id) VALUES (189, 1, 10, 92);
INSERT INTO student_course (id, active, course_block_faculty_id, student_id) VALUES (190, 1, 10, 93);
INSERT INTO student_course (id, active, course_block_faculty_id, student_id) VALUES (191, 1, 10, 94);
INSERT INTO student_course (id, active, course_block_faculty_id, student_id) VALUES (192, 1, 10, 95);
INSERT INTO student_course (id, active, course_block_faculty_id, student_id) VALUES (193, 1, 10, 96);
INSERT INTO student_course (id, active, course_block_faculty_id, student_id) VALUES (194, 1, 10, 97);
INSERT INTO student_course (id, active, course_block_faculty_id, student_id) VALUES (195, 1, 10, 98);
INSERT INTO student_course (id, active, course_block_faculty_id, student_id) VALUES (196, 1, 10, 99);
INSERT INTO student_course (id, active, course_block_faculty_id, student_id) VALUES (197, 1, 10, 100);
INSERT INTO student_course (id, active, course_block_faculty_id, student_id) VALUES (198, 1, 10, 101);
INSERT INTO student_course (id, active, course_block_faculty_id, student_id) VALUES (199, 1, 10, 102);
INSERT INTO student_course (id, active, course_block_faculty_id, student_id) VALUES (200, 1, 10, 103);
INSERT INTO student_course (id, active, course_block_faculty_id, student_id) VALUES (201, 1, 10, 104);
INSERT INTO student_course (id, active, course_block_faculty_id, student_id) VALUES (202, 1, 10, 105);
INSERT INTO student_course (id, active, course_block_faculty_id, student_id) VALUES (203, 1, 10, 106);
INSERT INTO student_course (id, active, course_block_faculty_id, student_id) VALUES (204, 1, 10, 107);

---------------------------------------------------------------------------------------------
INSERT INTO student_course (id, active, course_block_faculty_id, student_id) VALUES (205, 1, 11, 6);
INSERT INTO student_course (id, active, course_block_faculty_id, student_id) VALUES (206, 1, 11, 7);
INSERT INTO student_course (id, active, course_block_faculty_id, student_id) VALUES (207, 1, 11, 8);
INSERT INTO student_course (id, active, course_block_faculty_id, student_id) VALUES (208, 1, 11, 9);
INSERT INTO student_course (id, active, course_block_faculty_id, student_id) VALUES (209, 1, 11, 10);
INSERT INTO student_course (id, active, course_block_faculty_id, student_id) VALUES (210, 1, 11, 11);
INSERT INTO student_course (id, active, course_block_faculty_id, student_id) VALUES (211, 1, 11, 12);
INSERT INTO student_course (id, active, course_block_faculty_id, student_id) VALUES (212, 1, 11, 13);
INSERT INTO student_course (id, active, course_block_faculty_id, student_id) VALUES (213, 1, 11, 14);
INSERT INTO student_course (id, active, course_block_faculty_id, student_id) VALUES (214, 1, 11, 15);
INSERT INTO student_course (id, active, course_block_faculty_id, student_id) VALUES (215, 1, 11, 16);
INSERT INTO student_course (id, active, course_block_faculty_id, student_id) VALUES (216, 1, 11, 17);
INSERT INTO student_course (id, active, course_block_faculty_id, student_id) VALUES (217, 1, 11, 18);
INSERT INTO student_course (id, active, course_block_faculty_id, student_id) VALUES (218, 1, 11, 19);
INSERT INTO student_course (id, active, course_block_faculty_id, student_id) VALUES (219, 1, 11, 20);
INSERT INTO student_course (id, active, course_block_faculty_id, student_id) VALUES (220, 1, 11, 21);
INSERT INTO student_course (id, active, course_block_faculty_id, student_id) VALUES (221, 1, 11, 22);
INSERT INTO student_course (id, active, course_block_faculty_id, student_id) VALUES (222, 1, 11, 23);
INSERT INTO student_course (id, active, course_block_faculty_id, student_id) VALUES (223, 1, 11, 24);
INSERT INTO student_course (id, active, course_block_faculty_id, student_id) VALUES (224, 1, 11, 25);

INSERT INTO student_course (id, active, course_block_faculty_id, student_id) VALUES (225, 1, 12, 26);
INSERT INTO student_course (id, active, course_block_faculty_id, student_id) VALUES (226, 1, 12, 27);
INSERT INTO student_course (id, active, course_block_faculty_id, student_id) VALUES (227, 1, 12, 28);
INSERT INTO student_course (id, active, course_block_faculty_id, student_id) VALUES (228, 1, 12, 29);
INSERT INTO student_course (id, active, course_block_faculty_id, student_id) VALUES (229, 1, 12, 30);
INSERT INTO student_course (id, active, course_block_faculty_id, student_id) VALUES (230, 1, 12, 31);
INSERT INTO student_course (id, active, course_block_faculty_id, student_id) VALUES (231, 1, 12, 32);
INSERT INTO student_course (id, active, course_block_faculty_id, student_id) VALUES (232, 1, 12, 33);
INSERT INTO student_course (id, active, course_block_faculty_id, student_id) VALUES (233, 1, 12, 34);
INSERT INTO student_course (id, active, course_block_faculty_id, student_id) VALUES (234, 1, 12, 35);
INSERT INTO student_course (id, active, course_block_faculty_id, student_id) VALUES (235, 1, 12, 36);
INSERT INTO student_course (id, active, course_block_faculty_id, student_id) VALUES (236, 1, 12, 37);
INSERT INTO student_course (id, active, course_block_faculty_id, student_id) VALUES (237, 1, 12, 38);
INSERT INTO student_course (id, active, course_block_faculty_id, student_id) VALUES (238, 1, 12, 39);
INSERT INTO student_course (id, active, course_block_faculty_id, student_id) VALUES (239, 1, 12, 40);
INSERT INTO student_course (id, active, course_block_faculty_id, student_id) VALUES (240, 1, 12, 41);
INSERT INTO student_course (id, active, course_block_faculty_id, student_id) VALUES (241, 1, 12, 42);
INSERT INTO student_course (id, active, course_block_faculty_id, student_id) VALUES (242, 1, 12, 43);
INSERT INTO student_course (id, active, course_block_faculty_id, student_id) VALUES (243, 1, 12, 44);
INSERT INTO student_course (id, active, course_block_faculty_id, student_id) VALUES (244, 1, 12, 45);

INSERT INTO student_course (id, active, course_block_faculty_id, student_id) VALUES (245, 1, 13, 46);
INSERT INTO student_course (id, active, course_block_faculty_id, student_id) VALUES (246, 1, 13, 47);
INSERT INTO student_course (id, active, course_block_faculty_id, student_id) VALUES (247, 1, 13, 48);
INSERT INTO student_course (id, active, course_block_faculty_id, student_id) VALUES (248, 1, 13, 49);
INSERT INTO student_course (id, active, course_block_faculty_id, student_id) VALUES (249, 1, 13, 50);
INSERT INTO student_course (id, active, course_block_faculty_id, student_id) VALUES (250, 1, 13, 51);
INSERT INTO student_course (id, active, course_block_faculty_id, student_id) VALUES (251, 1, 13, 52);
INSERT INTO student_course (id, active, course_block_faculty_id, student_id) VALUES (252, 1, 13, 53);
INSERT INTO student_course (id, active, course_block_faculty_id, student_id) VALUES (253, 1, 13, 54);
INSERT INTO student_course (id, active, course_block_faculty_id, student_id) VALUES (254, 1, 13, 55);
INSERT INTO student_course (id, active, course_block_faculty_id, student_id) VALUES (255, 1, 13, 56);
INSERT INTO student_course (id, active, course_block_faculty_id, student_id) VALUES (256, 1, 13, 57);
INSERT INTO student_course (id, active, course_block_faculty_id, student_id) VALUES (257, 1, 13, 58);
INSERT INTO student_course (id, active, course_block_faculty_id, student_id) VALUES (258, 1, 13, 59);
INSERT INTO student_course (id, active, course_block_faculty_id, student_id) VALUES (259, 1, 13, 60);
INSERT INTO student_course (id, active, course_block_faculty_id, student_id) VALUES (260, 1, 13, 61);
INSERT INTO student_course (id, active, course_block_faculty_id, student_id) VALUES (261, 1, 13, 62);
INSERT INTO student_course (id, active, course_block_faculty_id, student_id) VALUES (262, 1, 13, 63);
INSERT INTO student_course (id, active, course_block_faculty_id, student_id) VALUES (263, 1, 13, 64);
INSERT INTO student_course (id, active, course_block_faculty_id, student_id) VALUES (264, 1, 13, 65);

INSERT INTO student_course (id, active, course_block_faculty_id, student_id) VALUES (265, 1, 14, 66);
INSERT INTO student_course (id, active, course_block_faculty_id, student_id) VALUES (266, 1, 14, 67);
INSERT INTO student_course (id, active, course_block_faculty_id, student_id) VALUES (267, 1, 14, 68);
INSERT INTO student_course (id, active, course_block_faculty_id, student_id) VALUES (268, 1, 14, 69);
INSERT INTO student_course (id, active, course_block_faculty_id, student_id) VALUES (269, 1, 14, 70);
INSERT INTO student_course (id, active, course_block_faculty_id, student_id) VALUES (270, 1, 14, 71);
INSERT INTO student_course (id, active, course_block_faculty_id, student_id) VALUES (271, 1, 14, 72);
INSERT INTO student_course (id, active, course_block_faculty_id, student_id) VALUES (272, 1, 14, 73);
INSERT INTO student_course (id, active, course_block_faculty_id, student_id) VALUES (273, 1, 14, 74);
INSERT INTO student_course (id, active, course_block_faculty_id, student_id) VALUES (274, 1, 14, 75);
INSERT INTO student_course (id, active, course_block_faculty_id, student_id) VALUES (275, 1, 14, 76);
INSERT INTO student_course (id, active, course_block_faculty_id, student_id) VALUES (276, 1, 14, 77);
INSERT INTO student_course (id, active, course_block_faculty_id, student_id) VALUES (277, 1, 14, 78);
INSERT INTO student_course (id, active, course_block_faculty_id, student_id) VALUES (278, 1, 14, 79);
INSERT INTO student_course (id, active, course_block_faculty_id, student_id) VALUES (279, 1, 14, 80);
INSERT INTO student_course (id, active, course_block_faculty_id, student_id) VALUES (280, 1, 14, 81);
INSERT INTO student_course (id, active, course_block_faculty_id, student_id) VALUES (281, 1, 14, 82);
INSERT INTO student_course (id, active, course_block_faculty_id, student_id) VALUES (282, 1, 14, 83);
INSERT INTO student_course (id, active, course_block_faculty_id, student_id) VALUES (283, 1, 14, 84);
INSERT INTO student_course (id, active, course_block_faculty_id, student_id) VALUES (284, 1, 14, 85);

INSERT INTO student_course (id, active, course_block_faculty_id, student_id) VALUES (285, 1, 15, 86);
INSERT INTO student_course (id, active, course_block_faculty_id, student_id) VALUES (286, 1, 15, 87);
INSERT INTO student_course (id, active, course_block_faculty_id, student_id) VALUES (287, 1, 15, 88);
INSERT INTO student_course (id, active, course_block_faculty_id, student_id) VALUES (288, 1, 15, 89);
INSERT INTO student_course (id, active, course_block_faculty_id, student_id) VALUES (289, 1, 15, 90);
INSERT INTO student_course (id, active, course_block_faculty_id, student_id) VALUES (290, 1, 15, 91);
INSERT INTO student_course (id, active, course_block_faculty_id, student_id) VALUES (291, 1, 15, 92);
INSERT INTO student_course (id, active, course_block_faculty_id, student_id) VALUES (292, 1, 15, 93);
INSERT INTO student_course (id, active, course_block_faculty_id, student_id) VALUES (293, 1, 15, 94);
INSERT INTO student_course (id, active, course_block_faculty_id, student_id) VALUES (294, 1, 15, 95);
INSERT INTO student_course (id, active, course_block_faculty_id, student_id) VALUES (295, 1, 15, 96);
INSERT INTO student_course (id, active, course_block_faculty_id, student_id) VALUES (296, 1, 15, 97);
INSERT INTO student_course (id, active, course_block_faculty_id, student_id) VALUES (297, 1, 15, 98);
INSERT INTO student_course (id, active, course_block_faculty_id, student_id) VALUES (298, 1, 15, 99);
INSERT INTO student_course (id, active, course_block_faculty_id, student_id) VALUES (299, 1, 15, 100);
INSERT INTO student_course (id, active, course_block_faculty_id, student_id) VALUES (300, 1, 15, 101);
INSERT INTO student_course (id, active, course_block_faculty_id, student_id) VALUES (301, 1, 15, 102);
INSERT INTO student_course (id, active, course_block_faculty_id, student_id) VALUES (302, 1, 15, 103);
INSERT INTO student_course (id, active, course_block_faculty_id, student_id) VALUES (303, 1, 15, 104);
INSERT INTO student_course (id, active, course_block_faculty_id, student_id) VALUES (304, 1, 15, 105);
INSERT INTO student_course (id, active, course_block_faculty_id, student_id) VALUES (305, 1, 15, 106);
INSERT INTO student_course (id, active, course_block_faculty_id, student_id) VALUES (306, 1, 15, 107);

---------------------------------------------------------------------------------------------
INSERT INTO student_course (id, active, course_block_faculty_id, student_id) VALUES (307, 1, 16, 6);
INSERT INTO student_course (id, active, course_block_faculty_id, student_id) VALUES (308, 1, 16, 7);
INSERT INTO student_course (id, active, course_block_faculty_id, student_id) VALUES (309, 1, 16, 8);
INSERT INTO student_course (id, active, course_block_faculty_id, student_id) VALUES (310, 1, 16, 9);
INSERT INTO student_course (id, active, course_block_faculty_id, student_id) VALUES (311, 1, 16, 10);
INSERT INTO student_course (id, active, course_block_faculty_id, student_id) VALUES (312, 1, 16, 11);
INSERT INTO student_course (id, active, course_block_faculty_id, student_id) VALUES (313, 1, 16, 12);
INSERT INTO student_course (id, active, course_block_faculty_id, student_id) VALUES (314, 1, 16, 13);
INSERT INTO student_course (id, active, course_block_faculty_id, student_id) VALUES (315, 1, 16, 14);
INSERT INTO student_course (id, active, course_block_faculty_id, student_id) VALUES (316, 1, 16, 15);
INSERT INTO student_course (id, active, course_block_faculty_id, student_id) VALUES (317, 1, 16, 16);
INSERT INTO student_course (id, active, course_block_faculty_id, student_id) VALUES (318, 1, 16, 17);
INSERT INTO student_course (id, active, course_block_faculty_id, student_id) VALUES (319, 1, 16, 18);
INSERT INTO student_course (id, active, course_block_faculty_id, student_id) VALUES (320, 1, 16, 19);
INSERT INTO student_course (id, active, course_block_faculty_id, student_id) VALUES (321, 1, 16, 20);
INSERT INTO student_course (id, active, course_block_faculty_id, student_id) VALUES (322, 1, 16, 21);
INSERT INTO student_course (id, active, course_block_faculty_id, student_id) VALUES (323, 1, 16, 22);
INSERT INTO student_course (id, active, course_block_faculty_id, student_id) VALUES (324, 1, 16, 23);
INSERT INTO student_course (id, active, course_block_faculty_id, student_id) VALUES (325, 1, 16, 24);
INSERT INTO student_course (id, active, course_block_faculty_id, student_id) VALUES (326, 1, 16, 25);

INSERT INTO student_course (id, active, course_block_faculty_id, student_id) VALUES (327, 1, 17, 26);
INSERT INTO student_course (id, active, course_block_faculty_id, student_id) VALUES (328, 1, 17, 27);
INSERT INTO student_course (id, active, course_block_faculty_id, student_id) VALUES (329, 1, 17, 28);
INSERT INTO student_course (id, active, course_block_faculty_id, student_id) VALUES (340, 1, 17, 29);
INSERT INTO student_course (id, active, course_block_faculty_id, student_id) VALUES (341, 1, 17, 30);
INSERT INTO student_course (id, active, course_block_faculty_id, student_id) VALUES (342, 1, 17, 31);
INSERT INTO student_course (id, active, course_block_faculty_id, student_id) VALUES (343, 1, 17, 32);
INSERT INTO student_course (id, active, course_block_faculty_id, student_id) VALUES (344, 1, 17, 33);
INSERT INTO student_course (id, active, course_block_faculty_id, student_id) VALUES (345, 1, 17, 34);
INSERT INTO student_course (id, active, course_block_faculty_id, student_id) VALUES (346, 1, 17, 35);
INSERT INTO student_course (id, active, course_block_faculty_id, student_id) VALUES (347, 1, 17, 36);
INSERT INTO student_course (id, active, course_block_faculty_id, student_id) VALUES (348, 1, 17, 37);
INSERT INTO student_course (id, active, course_block_faculty_id, student_id) VALUES (349, 1, 17, 38);
INSERT INTO student_course (id, active, course_block_faculty_id, student_id) VALUES (350, 1, 17, 39);
INSERT INTO student_course (id, active, course_block_faculty_id, student_id) VALUES (351, 1, 17, 40);
INSERT INTO student_course (id, active, course_block_faculty_id, student_id) VALUES (352, 1, 17, 41);
INSERT INTO student_course (id, active, course_block_faculty_id, student_id) VALUES (353, 1, 17, 42);
INSERT INTO student_course (id, active, course_block_faculty_id, student_id) VALUES (354, 1, 17, 43);
INSERT INTO student_course (id, active, course_block_faculty_id, student_id) VALUES (355, 1, 17, 44);
INSERT INTO student_course (id, active, course_block_faculty_id, student_id) VALUES (356, 1, 17, 45);

INSERT INTO student_course (id, active, course_block_faculty_id, student_id) VALUES (357, 1, 18, 46);
INSERT INTO student_course (id, active, course_block_faculty_id, student_id) VALUES (358, 1, 18, 47);
INSERT INTO student_course (id, active, course_block_faculty_id, student_id) VALUES (359, 1, 18, 48);
INSERT INTO student_course (id, active, course_block_faculty_id, student_id) VALUES (360, 1, 18, 49);
INSERT INTO student_course (id, active, course_block_faculty_id, student_id) VALUES (361, 1, 18, 50);
INSERT INTO student_course (id, active, course_block_faculty_id, student_id) VALUES (362, 1, 18, 51);
INSERT INTO student_course (id, active, course_block_faculty_id, student_id) VALUES (363, 1, 18, 52);
INSERT INTO student_course (id, active, course_block_faculty_id, student_id) VALUES (364, 1, 18, 53);
INSERT INTO student_course (id, active, course_block_faculty_id, student_id) VALUES (365, 1, 18, 54);
INSERT INTO student_course (id, active, course_block_faculty_id, student_id) VALUES (366, 1, 18, 55);
INSERT INTO student_course (id, active, course_block_faculty_id, student_id) VALUES (367, 1, 18, 56);
INSERT INTO student_course (id, active, course_block_faculty_id, student_id) VALUES (368, 1, 18, 57);
INSERT INTO student_course (id, active, course_block_faculty_id, student_id) VALUES (369, 1, 18, 58);
INSERT INTO student_course (id, active, course_block_faculty_id, student_id) VALUES (370, 1, 18, 59);
INSERT INTO student_course (id, active, course_block_faculty_id, student_id) VALUES (371, 1, 18, 60);
INSERT INTO student_course (id, active, course_block_faculty_id, student_id) VALUES (372, 1, 18, 61);
INSERT INTO student_course (id, active, course_block_faculty_id, student_id) VALUES (373, 1, 18, 62);
INSERT INTO student_course (id, active, course_block_faculty_id, student_id) VALUES (374, 1, 18, 63);
INSERT INTO student_course (id, active, course_block_faculty_id, student_id) VALUES (375, 1, 18, 64);
INSERT INTO student_course (id, active, course_block_faculty_id, student_id) VALUES (376, 1, 18, 65);

INSERT INTO student_course (id, active, course_block_faculty_id, student_id) VALUES (377, 1, 19, 66);
INSERT INTO student_course (id, active, course_block_faculty_id, student_id) VALUES (378, 1, 19, 67);
INSERT INTO student_course (id, active, course_block_faculty_id, student_id) VALUES (379, 1, 19, 68);
INSERT INTO student_course (id, active, course_block_faculty_id, student_id) VALUES (380, 1, 19, 69);
INSERT INTO student_course (id, active, course_block_faculty_id, student_id) VALUES (381, 1, 19, 70);
INSERT INTO student_course (id, active, course_block_faculty_id, student_id) VALUES (382, 1, 19, 71);
INSERT INTO student_course (id, active, course_block_faculty_id, student_id) VALUES (383, 1, 19, 72);
INSERT INTO student_course (id, active, course_block_faculty_id, student_id) VALUES (384, 1, 19, 73);
INSERT INTO student_course (id, active, course_block_faculty_id, student_id) VALUES (385, 1, 19, 74);
INSERT INTO student_course (id, active, course_block_faculty_id, student_id) VALUES (386, 1, 19, 75);
INSERT INTO student_course (id, active, course_block_faculty_id, student_id) VALUES (387, 1, 19, 76);
INSERT INTO student_course (id, active, course_block_faculty_id, student_id) VALUES (388, 1, 19, 77);
INSERT INTO student_course (id, active, course_block_faculty_id, student_id) VALUES (389, 1, 19, 78);
INSERT INTO student_course (id, active, course_block_faculty_id, student_id) VALUES (390, 1, 19, 79);
INSERT INTO student_course (id, active, course_block_faculty_id, student_id) VALUES (391, 1, 19, 80);
INSERT INTO student_course (id, active, course_block_faculty_id, student_id) VALUES (392, 1, 19, 81);
INSERT INTO student_course (id, active, course_block_faculty_id, student_id) VALUES (393, 1, 19, 82);
INSERT INTO student_course (id, active, course_block_faculty_id, student_id) VALUES (394, 1, 19, 83);
INSERT INTO student_course (id, active, course_block_faculty_id, student_id) VALUES (395, 1, 19, 84);
INSERT INTO student_course (id, active, course_block_faculty_id, student_id) VALUES (396, 1, 19, 85);

INSERT INTO student_course (id, active, course_block_faculty_id, student_id) VALUES (397, 1, 20, 86);
INSERT INTO student_course (id, active, course_block_faculty_id, student_id) VALUES (398, 1, 20, 87);
INSERT INTO student_course (id, active, course_block_faculty_id, student_id) VALUES (399, 1, 20, 88);
INSERT INTO student_course (id, active, course_block_faculty_id, student_id) VALUES (400, 1, 20, 89);
INSERT INTO student_course (id, active, course_block_faculty_id, student_id) VALUES (401, 1, 20, 90);
INSERT INTO student_course (id, active, course_block_faculty_id, student_id) VALUES (402, 1, 20, 91);
INSERT INTO student_course (id, active, course_block_faculty_id, student_id) VALUES (403, 1, 20, 92);
INSERT INTO student_course (id, active, course_block_faculty_id, student_id) VALUES (404, 1, 20, 93);
INSERT INTO student_course (id, active, course_block_faculty_id, student_id) VALUES (405, 1, 20, 94);
INSERT INTO student_course (id, active, course_block_faculty_id, student_id) VALUES (406, 1, 20, 95);
INSERT INTO student_course (id, active, course_block_faculty_id, student_id) VALUES (407, 1, 20, 96);
INSERT INTO student_course (id, active, course_block_faculty_id, student_id) VALUES (408, 1, 20, 97);
INSERT INTO student_course (id, active, course_block_faculty_id, student_id) VALUES (409, 1, 20, 98);
INSERT INTO student_course (id, active, course_block_faculty_id, student_id) VALUES (410, 1, 20, 99);
INSERT INTO student_course (id, active, course_block_faculty_id, student_id) VALUES (411, 1, 20, 100);
INSERT INTO student_course (id, active, course_block_faculty_id, student_id) VALUES (412, 1, 20, 101);
INSERT INTO student_course (id, active, course_block_faculty_id, student_id) VALUES (413, 1, 20, 102);
INSERT INTO student_course (id, active, course_block_faculty_id, student_id) VALUES (414, 1, 20, 103);
INSERT INTO student_course (id, active, course_block_faculty_id, student_id) VALUES (415, 1, 20, 104);
INSERT INTO student_course (id, active, course_block_faculty_id, student_id) VALUES (416, 1, 20, 105);
INSERT INTO student_course (id, active, course_block_faculty_id, student_id) VALUES (417, 1, 20, 106);
INSERT INTO student_course (id, active, course_block_faculty_id, student_id) VALUES (418, 1, 20, 107);

---------------------------------------------------------------------------------------------
INSERT INTO student_course (id, active, course_block_faculty_id, student_id) VALUES (419, 1, 21, 6);
INSERT INTO student_course (id, active, course_block_faculty_id, student_id) VALUES (420, 1, 21, 7);
INSERT INTO student_course (id, active, course_block_faculty_id, student_id) VALUES (421, 1, 21, 8);
INSERT INTO student_course (id, active, course_block_faculty_id, student_id) VALUES (422, 1, 21, 9);
INSERT INTO student_course (id, active, course_block_faculty_id, student_id) VALUES (423, 1, 21, 10);
INSERT INTO student_course (id, active, course_block_faculty_id, student_id) VALUES (424, 1, 21, 11);
INSERT INTO student_course (id, active, course_block_faculty_id, student_id) VALUES (425, 1, 21, 12);
INSERT INTO student_course (id, active, course_block_faculty_id, student_id) VALUES (426, 1, 21, 13);
INSERT INTO student_course (id, active, course_block_faculty_id, student_id) VALUES (427, 1, 21, 14);
INSERT INTO student_course (id, active, course_block_faculty_id, student_id) VALUES (428, 1, 21, 15);
INSERT INTO student_course (id, active, course_block_faculty_id, student_id) VALUES (429, 1, 21, 16);
INSERT INTO student_course (id, active, course_block_faculty_id, student_id) VALUES (430, 1, 21, 17);
INSERT INTO student_course (id, active, course_block_faculty_id, student_id) VALUES (431, 1, 21, 18);
INSERT INTO student_course (id, active, course_block_faculty_id, student_id) VALUES (432, 1, 21, 19);
INSERT INTO student_course (id, active, course_block_faculty_id, student_id) VALUES (433, 1, 21, 20);
INSERT INTO student_course (id, active, course_block_faculty_id, student_id) VALUES (434, 1, 21, 21);
INSERT INTO student_course (id, active, course_block_faculty_id, student_id) VALUES (435, 1, 21, 22);
INSERT INTO student_course (id, active, course_block_faculty_id, student_id) VALUES (436, 1, 21, 23);
INSERT INTO student_course (id, active, course_block_faculty_id, student_id) VALUES (437, 1, 21, 24);
INSERT INTO student_course (id, active, course_block_faculty_id, student_id) VALUES (438, 1, 21, 25);

INSERT INTO student_course (id, active, course_block_faculty_id, student_id) VALUES (439, 1, 22, 26);
INSERT INTO student_course (id, active, course_block_faculty_id, student_id) VALUES (440, 1, 22, 27);
INSERT INTO student_course (id, active, course_block_faculty_id, student_id) VALUES (441, 1, 22, 28);
INSERT INTO student_course (id, active, course_block_faculty_id, student_id) VALUES (442, 1, 22, 29);
INSERT INTO student_course (id, active, course_block_faculty_id, student_id) VALUES (443, 1, 22, 30);
INSERT INTO student_course (id, active, course_block_faculty_id, student_id) VALUES (444, 1, 22, 31);
INSERT INTO student_course (id, active, course_block_faculty_id, student_id) VALUES (445, 1, 22, 32);
INSERT INTO student_course (id, active, course_block_faculty_id, student_id) VALUES (446, 1, 22, 33);
INSERT INTO student_course (id, active, course_block_faculty_id, student_id) VALUES (447, 1, 22, 34);
INSERT INTO student_course (id, active, course_block_faculty_id, student_id) VALUES (448, 1, 22, 35);
INSERT INTO student_course (id, active, course_block_faculty_id, student_id) VALUES (449, 1, 22, 36);
INSERT INTO student_course (id, active, course_block_faculty_id, student_id) VALUES (450, 1, 22, 37);
INSERT INTO student_course (id, active, course_block_faculty_id, student_id) VALUES (451, 1, 22, 38);
INSERT INTO student_course (id, active, course_block_faculty_id, student_id) VALUES (452, 1, 22, 39);
INSERT INTO student_course (id, active, course_block_faculty_id, student_id) VALUES (453, 1, 22, 40);
INSERT INTO student_course (id, active, course_block_faculty_id, student_id) VALUES (454, 1, 22, 41);
INSERT INTO student_course (id, active, course_block_faculty_id, student_id) VALUES (455, 1, 22, 42);
INSERT INTO student_course (id, active, course_block_faculty_id, student_id) VALUES (456, 1, 22, 43);
INSERT INTO student_course (id, active, course_block_faculty_id, student_id) VALUES (457, 1, 22, 44);
INSERT INTO student_course (id, active, course_block_faculty_id, student_id) VALUES (458, 1, 22, 45);

INSERT INTO student_course (id, active, course_block_faculty_id, student_id) VALUES (459, 1, 23, 46);
INSERT INTO student_course (id, active, course_block_faculty_id, student_id) VALUES (460, 1, 23, 47);
INSERT INTO student_course (id, active, course_block_faculty_id, student_id) VALUES (461, 1, 23, 48);
INSERT INTO student_course (id, active, course_block_faculty_id, student_id) VALUES (462, 1, 23, 49);
INSERT INTO student_course (id, active, course_block_faculty_id, student_id) VALUES (463, 1, 23, 50);
INSERT INTO student_course (id, active, course_block_faculty_id, student_id) VALUES (464, 1, 23, 51);
INSERT INTO student_course (id, active, course_block_faculty_id, student_id) VALUES (465, 1, 23, 52);
INSERT INTO student_course (id, active, course_block_faculty_id, student_id) VALUES (466, 1, 23, 53);
INSERT INTO student_course (id, active, course_block_faculty_id, student_id) VALUES (467, 1, 23, 54);
INSERT INTO student_course (id, active, course_block_faculty_id, student_id) VALUES (468, 1, 23, 55);
INSERT INTO student_course (id, active, course_block_faculty_id, student_id) VALUES (469, 1, 23, 56);
INSERT INTO student_course (id, active, course_block_faculty_id, student_id) VALUES (470, 1, 23, 57);
INSERT INTO student_course (id, active, course_block_faculty_id, student_id) VALUES (471, 1, 23, 58);
INSERT INTO student_course (id, active, course_block_faculty_id, student_id) VALUES (472, 1, 23, 59);
INSERT INTO student_course (id, active, course_block_faculty_id, student_id) VALUES (473, 1, 23, 60);
INSERT INTO student_course (id, active, course_block_faculty_id, student_id) VALUES (474, 1, 23, 61);
INSERT INTO student_course (id, active, course_block_faculty_id, student_id) VALUES (475, 1, 23, 62);
INSERT INTO student_course (id, active, course_block_faculty_id, student_id) VALUES (476, 1, 23, 63);
INSERT INTO student_course (id, active, course_block_faculty_id, student_id) VALUES (477, 1, 23, 64);
INSERT INTO student_course (id, active, course_block_faculty_id, student_id) VALUES (478, 1, 23, 65);

INSERT INTO student_course (id, active, course_block_faculty_id, student_id) VALUES (479, 1, 24, 66);
INSERT INTO student_course (id, active, course_block_faculty_id, student_id) VALUES (480, 1, 24, 67);
INSERT INTO student_course (id, active, course_block_faculty_id, student_id) VALUES (481, 1, 24, 68);
INSERT INTO student_course (id, active, course_block_faculty_id, student_id) VALUES (482, 1, 24, 69);
INSERT INTO student_course (id, active, course_block_faculty_id, student_id) VALUES (483, 1, 24, 70);
INSERT INTO student_course (id, active, course_block_faculty_id, student_id) VALUES (484, 1, 24, 71);
INSERT INTO student_course (id, active, course_block_faculty_id, student_id) VALUES (485, 1, 24, 72);
INSERT INTO student_course (id, active, course_block_faculty_id, student_id) VALUES (486, 1, 24, 73);
INSERT INTO student_course (id, active, course_block_faculty_id, student_id) VALUES (487, 1, 24, 74);
INSERT INTO student_course (id, active, course_block_faculty_id, student_id) VALUES (488, 1, 24, 75);
INSERT INTO student_course (id, active, course_block_faculty_id, student_id) VALUES (489, 1, 24, 76);
INSERT INTO student_course (id, active, course_block_faculty_id, student_id) VALUES (490, 1, 24, 77);
INSERT INTO student_course (id, active, course_block_faculty_id, student_id) VALUES (491, 1, 24, 78);
INSERT INTO student_course (id, active, course_block_faculty_id, student_id) VALUES (492, 1, 24, 79);
INSERT INTO student_course (id, active, course_block_faculty_id, student_id) VALUES (493, 1, 24, 80);
INSERT INTO student_course (id, active, course_block_faculty_id, student_id) VALUES (494, 1, 24, 81);
INSERT INTO student_course (id, active, course_block_faculty_id, student_id) VALUES (495, 1, 24, 82);
INSERT INTO student_course (id, active, course_block_faculty_id, student_id) VALUES (496, 1, 24, 83);
INSERT INTO student_course (id, active, course_block_faculty_id, student_id) VALUES (497, 1, 24, 84);
INSERT INTO student_course (id, active, course_block_faculty_id, student_id) VALUES (498, 1, 24, 85);

INSERT INTO student_course (id, active, course_block_faculty_id, student_id) VALUES (499, 1, 25, 86);
INSERT INTO student_course (id, active, course_block_faculty_id, student_id) VALUES (500, 1, 25, 87);
INSERT INTO student_course (id, active, course_block_faculty_id, student_id) VALUES (501, 1, 25, 88);
INSERT INTO student_course (id, active, course_block_faculty_id, student_id) VALUES (502, 1, 25, 89);
INSERT INTO student_course (id, active, course_block_faculty_id, student_id) VALUES (503, 1, 25, 90);
INSERT INTO student_course (id, active, course_block_faculty_id, student_id) VALUES (504, 1, 25, 91);
INSERT INTO student_course (id, active, course_block_faculty_id, student_id) VALUES (505, 1, 25, 92);
INSERT INTO student_course (id, active, course_block_faculty_id, student_id) VALUES (506, 1, 25, 93);
INSERT INTO student_course (id, active, course_block_faculty_id, student_id) VALUES (507, 1, 25, 94);
INSERT INTO student_course (id, active, course_block_faculty_id, student_id) VALUES (508, 1, 25, 95);
INSERT INTO student_course (id, active, course_block_faculty_id, student_id) VALUES (509, 1, 25, 96);
INSERT INTO student_course (id, active, course_block_faculty_id, student_id) VALUES (510, 1, 25, 97);
INSERT INTO student_course (id, active, course_block_faculty_id, student_id) VALUES (511, 1, 25, 98);
INSERT INTO student_course (id, active, course_block_faculty_id, student_id) VALUES (512, 1, 25, 99);
INSERT INTO student_course (id, active, course_block_faculty_id, student_id) VALUES (513, 1, 25, 100);
INSERT INTO student_course (id, active, course_block_faculty_id, student_id) VALUES (514, 1, 25, 101);
INSERT INTO student_course (id, active, course_block_faculty_id, student_id) VALUES (515, 1, 25, 102);
INSERT INTO student_course (id, active, course_block_faculty_id, student_id) VALUES (516, 1, 25, 103);
INSERT INTO student_course (id, active, course_block_faculty_id, student_id) VALUES (517, 1, 25, 104);
INSERT INTO student_course (id, active, course_block_faculty_id, student_id) VALUES (518, 1, 25, 105);
INSERT INTO student_course (id, active, course_block_faculty_id, student_id) VALUES (519, 1, 25, 106);
INSERT INTO student_course (id, active, course_block_faculty_id, student_id) VALUES (520, 1, 25, 107);

---------------------------------------------------------------------------------------------
INSERT INTO student_course (id, active, course_block_faculty_id, student_id) VALUES (521, 1, 26, 6);
INSERT INTO student_course (id, active, course_block_faculty_id, student_id) VALUES (522, 1, 26, 7);
INSERT INTO student_course (id, active, course_block_faculty_id, student_id) VALUES (523, 1, 26, 8);
INSERT INTO student_course (id, active, course_block_faculty_id, student_id) VALUES (524, 1, 26, 9);
INSERT INTO student_course (id, active, course_block_faculty_id, student_id) VALUES (525, 1, 26, 10);
INSERT INTO student_course (id, active, course_block_faculty_id, student_id) VALUES (526, 1, 26, 11);
INSERT INTO student_course (id, active, course_block_faculty_id, student_id) VALUES (527, 1, 26, 12);
INSERT INTO student_course (id, active, course_block_faculty_id, student_id) VALUES (528, 1, 26, 13);
INSERT INTO student_course (id, active, course_block_faculty_id, student_id) VALUES (529, 1, 26, 14);
INSERT INTO student_course (id, active, course_block_faculty_id, student_id) VALUES (530, 1, 26, 15);
INSERT INTO student_course (id, active, course_block_faculty_id, student_id) VALUES (531, 1, 26, 16);
INSERT INTO student_course (id, active, course_block_faculty_id, student_id) VALUES (532, 1, 26, 17);
INSERT INTO student_course (id, active, course_block_faculty_id, student_id) VALUES (533, 1, 26, 18);
INSERT INTO student_course (id, active, course_block_faculty_id, student_id) VALUES (534, 1, 26, 19);
INSERT INTO student_course (id, active, course_block_faculty_id, student_id) VALUES (535, 1, 26, 20);
INSERT INTO student_course (id, active, course_block_faculty_id, student_id) VALUES (536, 1, 26, 21);
INSERT INTO student_course (id, active, course_block_faculty_id, student_id) VALUES (537, 1, 26, 22);
INSERT INTO student_course (id, active, course_block_faculty_id, student_id) VALUES (538, 1, 26, 23);
INSERT INTO student_course (id, active, course_block_faculty_id, student_id) VALUES (539, 1, 26, 24);
INSERT INTO student_course (id, active, course_block_faculty_id, student_id) VALUES (540, 1, 26, 25);

INSERT INTO student_course (id, active, course_block_faculty_id, student_id) VALUES (541, 1, 27, 26);
INSERT INTO student_course (id, active, course_block_faculty_id, student_id) VALUES (542, 1, 27, 27);
INSERT INTO student_course (id, active, course_block_faculty_id, student_id) VALUES (543, 1, 27, 28);
INSERT INTO student_course (id, active, course_block_faculty_id, student_id) VALUES (544, 1, 27, 29);
INSERT INTO student_course (id, active, course_block_faculty_id, student_id) VALUES (545, 1, 27, 30);
INSERT INTO student_course (id, active, course_block_faculty_id, student_id) VALUES (546, 1, 27, 31);
INSERT INTO student_course (id, active, course_block_faculty_id, student_id) VALUES (547, 1, 27, 32);
INSERT INTO student_course (id, active, course_block_faculty_id, student_id) VALUES (548, 1, 27, 33);
INSERT INTO student_course (id, active, course_block_faculty_id, student_id) VALUES (549, 1, 27, 34);
INSERT INTO student_course (id, active, course_block_faculty_id, student_id) VALUES (550, 1, 27, 35);
INSERT INTO student_course (id, active, course_block_faculty_id, student_id) VALUES (551, 1, 27, 36);
INSERT INTO student_course (id, active, course_block_faculty_id, student_id) VALUES (552, 1, 27, 37);
INSERT INTO student_course (id, active, course_block_faculty_id, student_id) VALUES (553, 1, 27, 38);
INSERT INTO student_course (id, active, course_block_faculty_id, student_id) VALUES (554, 1, 27, 39);
INSERT INTO student_course (id, active, course_block_faculty_id, student_id) VALUES (555, 1, 27, 40);
INSERT INTO student_course (id, active, course_block_faculty_id, student_id) VALUES (556, 1, 27, 41);
INSERT INTO student_course (id, active, course_block_faculty_id, student_id) VALUES (557, 1, 27, 42);
INSERT INTO student_course (id, active, course_block_faculty_id, student_id) VALUES (558, 1, 27, 43);
INSERT INTO student_course (id, active, course_block_faculty_id, student_id) VALUES (559, 1, 27, 44);
INSERT INTO student_course (id, active, course_block_faculty_id, student_id) VALUES (560, 1, 27, 45);

INSERT INTO student_course (id, active, course_block_faculty_id, student_id) VALUES (561, 1, 28, 46);
INSERT INTO student_course (id, active, course_block_faculty_id, student_id) VALUES (562, 1, 28, 47);
INSERT INTO student_course (id, active, course_block_faculty_id, student_id) VALUES (563, 1, 28, 48);
INSERT INTO student_course (id, active, course_block_faculty_id, student_id) VALUES (564, 1, 28, 49);
INSERT INTO student_course (id, active, course_block_faculty_id, student_id) VALUES (565, 1, 28, 50);
INSERT INTO student_course (id, active, course_block_faculty_id, student_id) VALUES (566, 1, 28, 51);
INSERT INTO student_course (id, active, course_block_faculty_id, student_id) VALUES (567, 1, 28, 52);
INSERT INTO student_course (id, active, course_block_faculty_id, student_id) VALUES (568, 1, 28, 53);
INSERT INTO student_course (id, active, course_block_faculty_id, student_id) VALUES (569, 1, 28, 54);
INSERT INTO student_course (id, active, course_block_faculty_id, student_id) VALUES (570, 1, 28, 55);
INSERT INTO student_course (id, active, course_block_faculty_id, student_id) VALUES (571, 1, 28, 56);
INSERT INTO student_course (id, active, course_block_faculty_id, student_id) VALUES (572, 1, 28, 57);
INSERT INTO student_course (id, active, course_block_faculty_id, student_id) VALUES (573, 1, 28, 58);
INSERT INTO student_course (id, active, course_block_faculty_id, student_id) VALUES (574, 1, 28, 59);
INSERT INTO student_course (id, active, course_block_faculty_id, student_id) VALUES (575, 1, 28, 60);
INSERT INTO student_course (id, active, course_block_faculty_id, student_id) VALUES (576, 1, 28, 61);
INSERT INTO student_course (id, active, course_block_faculty_id, student_id) VALUES (577, 1, 28, 62);
INSERT INTO student_course (id, active, course_block_faculty_id, student_id) VALUES (578, 1, 28, 63);
INSERT INTO student_course (id, active, course_block_faculty_id, student_id) VALUES (579, 1, 28, 64);
INSERT INTO student_course (id, active, course_block_faculty_id, student_id) VALUES (580, 1, 28, 65);

INSERT INTO student_course (id, active, course_block_faculty_id, student_id) VALUES (581, 1, 29, 66);
INSERT INTO student_course (id, active, course_block_faculty_id, student_id) VALUES (582, 1, 29, 67);
INSERT INTO student_course (id, active, course_block_faculty_id, student_id) VALUES (583, 1, 29, 68);
INSERT INTO student_course (id, active, course_block_faculty_id, student_id) VALUES (584, 1, 29, 69);
INSERT INTO student_course (id, active, course_block_faculty_id, student_id) VALUES (585, 1, 29, 70);
INSERT INTO student_course (id, active, course_block_faculty_id, student_id) VALUES (586, 1, 29, 71);
INSERT INTO student_course (id, active, course_block_faculty_id, student_id) VALUES (587, 1, 29, 72);
INSERT INTO student_course (id, active, course_block_faculty_id, student_id) VALUES (588, 1, 29, 73);
INSERT INTO student_course (id, active, course_block_faculty_id, student_id) VALUES (589, 1, 29, 74);
INSERT INTO student_course (id, active, course_block_faculty_id, student_id) VALUES (590, 1, 29, 75);
INSERT INTO student_course (id, active, course_block_faculty_id, student_id) VALUES (591, 1, 29, 76);
INSERT INTO student_course (id, active, course_block_faculty_id, student_id) VALUES (592, 1, 29, 77);
INSERT INTO student_course (id, active, course_block_faculty_id, student_id) VALUES (593, 1, 29, 78);
INSERT INTO student_course (id, active, course_block_faculty_id, student_id) VALUES (594, 1, 29, 79);
INSERT INTO student_course (id, active, course_block_faculty_id, student_id) VALUES (595, 1, 29, 80);
INSERT INTO student_course (id, active, course_block_faculty_id, student_id) VALUES (596, 1, 29, 81);
INSERT INTO student_course (id, active, course_block_faculty_id, student_id) VALUES (597, 1, 29, 82);
INSERT INTO student_course (id, active, course_block_faculty_id, student_id) VALUES (598, 1, 29, 83);
INSERT INTO student_course (id, active, course_block_faculty_id, student_id) VALUES (599, 1, 29, 84);
INSERT INTO student_course (id, active, course_block_faculty_id, student_id) VALUES (600, 1, 29, 85);

INSERT INTO student_course (id, active, course_block_faculty_id, student_id) VALUES (601, 1, 30, 86);
INSERT INTO student_course (id, active, course_block_faculty_id, student_id) VALUES (602, 1, 30, 87);
INSERT INTO student_course (id, active, course_block_faculty_id, student_id) VALUES (603, 1, 30, 88);
INSERT INTO student_course (id, active, course_block_faculty_id, student_id) VALUES (604, 1, 30, 89);
INSERT INTO student_course (id, active, course_block_faculty_id, student_id) VALUES (605, 1, 30, 90);
INSERT INTO student_course (id, active, course_block_faculty_id, student_id) VALUES (606, 1, 30, 91);
INSERT INTO student_course (id, active, course_block_faculty_id, student_id) VALUES (607, 1, 30, 92);
INSERT INTO student_course (id, active, course_block_faculty_id, student_id) VALUES (608, 1, 30, 93);
INSERT INTO student_course (id, active, course_block_faculty_id, student_id) VALUES (609, 1, 30, 94);
INSERT INTO student_course (id, active, course_block_faculty_id, student_id) VALUES (610, 1, 30, 95);
INSERT INTO student_course (id, active, course_block_faculty_id, student_id) VALUES (611, 1, 30, 96);
INSERT INTO student_course (id, active, course_block_faculty_id, student_id) VALUES (612, 1, 30, 97);
INSERT INTO student_course (id, active, course_block_faculty_id, student_id) VALUES (613, 1, 30, 98);
INSERT INTO student_course (id, active, course_block_faculty_id, student_id) VALUES (614, 1, 30, 99);
INSERT INTO student_course (id, active, course_block_faculty_id, student_id) VALUES (615, 1, 30, 100);
INSERT INTO student_course (id, active, course_block_faculty_id, student_id) VALUES (616, 1, 30, 101);
INSERT INTO student_course (id, active, course_block_faculty_id, student_id) VALUES (617, 1, 30, 102);
INSERT INTO student_course (id, active, course_block_faculty_id, student_id) VALUES (618, 1, 30, 103);
INSERT INTO student_course (id, active, course_block_faculty_id, student_id) VALUES (619, 1, 30, 104);
INSERT INTO student_course (id, active, course_block_faculty_id, student_id) VALUES (620, 1, 30, 105);
INSERT INTO student_course (id, active, course_block_faculty_id, student_id) VALUES (621, 1, 30, 106);
INSERT INTO student_course (id, active, course_block_faculty_id, student_id) VALUES (622, 1, 30, 107);

---------------------------------------------------------------------------------------------
 INSERT INTO student_course (id, active, course_block_faculty_id, student_id) VALUES (623, 1, 31, 6);
INSERT INTO student_course (id, active, course_block_faculty_id, student_id) VALUES (624, 1, 31, 7);
INSERT INTO student_course (id, active, course_block_faculty_id, student_id) VALUES (625, 1, 31, 8);
INSERT INTO student_course (id, active, course_block_faculty_id, student_id) VALUES (626, 1, 31, 9);
INSERT INTO student_course (id, active, course_block_faculty_id, student_id) VALUES (627, 1, 31, 10);
INSERT INTO student_course (id, active, course_block_faculty_id, student_id) VALUES (628, 1, 31, 11);
INSERT INTO student_course (id, active, course_block_faculty_id, student_id) VALUES (629, 1, 31, 12);
INSERT INTO student_course (id, active, course_block_faculty_id, student_id) VALUES (630, 1, 31, 13);
INSERT INTO student_course (id, active, course_block_faculty_id, student_id) VALUES (631, 1, 31, 14);
INSERT INTO student_course (id, active, course_block_faculty_id, student_id) VALUES (632, 1, 31, 15);
INSERT INTO student_course (id, active, course_block_faculty_id, student_id) VALUES (633, 1, 31, 16);
INSERT INTO student_course (id, active, course_block_faculty_id, student_id) VALUES (634, 1, 31, 17);
INSERT INTO student_course (id, active, course_block_faculty_id, student_id) VALUES (635, 1, 31, 18);
INSERT INTO student_course (id, active, course_block_faculty_id, student_id) VALUES (636, 1, 31, 19);
INSERT INTO student_course (id, active, course_block_faculty_id, student_id) VALUES (637, 1, 31, 20);
INSERT INTO student_course (id, active, course_block_faculty_id, student_id) VALUES (638, 1, 31, 21);
INSERT INTO student_course (id, active, course_block_faculty_id, student_id) VALUES (639, 1, 31, 22);
INSERT INTO student_course (id, active, course_block_faculty_id, student_id) VALUES (640, 1, 31, 23);
INSERT INTO student_course (id, active, course_block_faculty_id, student_id) VALUES (641, 1, 31, 24);
INSERT INTO student_course (id, active, course_block_faculty_id, student_id) VALUES (642, 1, 31, 25);

INSERT INTO student_course (id, active, course_block_faculty_id, student_id) VALUES (643, 1, 32, 26);
INSERT INTO student_course (id, active, course_block_faculty_id, student_id) VALUES (644, 1, 32, 27);
INSERT INTO student_course (id, active, course_block_faculty_id, student_id) VALUES (645, 1, 32, 28);
INSERT INTO student_course (id, active, course_block_faculty_id, student_id) VALUES (724, 1, 32, 29);
INSERT INTO student_course (id, active, course_block_faculty_id, student_id) VALUES (646, 1, 32, 30);
INSERT INTO student_course (id, active, course_block_faculty_id, student_id) VALUES (647, 1, 32, 31);
INSERT INTO student_course (id, active, course_block_faculty_id, student_id) VALUES (648, 1, 32, 32);
INSERT INTO student_course (id, active, course_block_faculty_id, student_id) VALUES (649, 1, 32, 33);
INSERT INTO student_course (id, active, course_block_faculty_id, student_id) VALUES (650, 1, 32, 34);
INSERT INTO student_course (id, active, course_block_faculty_id, student_id) VALUES (651, 1, 32, 35);
INSERT INTO student_course (id, active, course_block_faculty_id, student_id) VALUES (652, 1, 32, 36);
INSERT INTO student_course (id, active, course_block_faculty_id, student_id) VALUES (653, 1, 32, 37);
INSERT INTO student_course (id, active, course_block_faculty_id, student_id) VALUES (654, 1, 32, 38);
INSERT INTO student_course (id, active, course_block_faculty_id, student_id) VALUES (655, 1, 32, 39);
INSERT INTO student_course (id, active, course_block_faculty_id, student_id) VALUES (656, 1, 32, 40);
INSERT INTO student_course (id, active, course_block_faculty_id, student_id) VALUES (657, 1, 32, 41);
INSERT INTO student_course (id, active, course_block_faculty_id, student_id) VALUES (658, 1, 32, 42);
INSERT INTO student_course (id, active, course_block_faculty_id, student_id) VALUES (659, 1, 32, 43);
INSERT INTO student_course (id, active, course_block_faculty_id, student_id) VALUES (660, 1, 32, 44);
INSERT INTO student_course (id, active, course_block_faculty_id, student_id) VALUES (661, 1, 32, 45);

INSERT INTO student_course (id, active, course_block_faculty_id, student_id) VALUES (662, 1, 33, 46);
INSERT INTO student_course (id, active, course_block_faculty_id, student_id) VALUES (663, 1, 33, 47);
INSERT INTO student_course (id, active, course_block_faculty_id, student_id) VALUES (664, 1, 33, 48);
INSERT INTO student_course (id, active, course_block_faculty_id, student_id) VALUES (665, 1, 33, 49);
INSERT INTO student_course (id, active, course_block_faculty_id, student_id) VALUES (666, 1, 33, 50);
INSERT INTO student_course (id, active, course_block_faculty_id, student_id) VALUES (667, 1, 33, 51);
INSERT INTO student_course (id, active, course_block_faculty_id, student_id) VALUES (668, 1, 33, 52);
INSERT INTO student_course (id, active, course_block_faculty_id, student_id) VALUES (669, 1, 33, 53);
INSERT INTO student_course (id, active, course_block_faculty_id, student_id) VALUES (670, 1, 33, 54);
INSERT INTO student_course (id, active, course_block_faculty_id, student_id) VALUES (671, 1, 33, 55);
INSERT INTO student_course (id, active, course_block_faculty_id, student_id) VALUES (672, 1, 33, 56);
INSERT INTO student_course (id, active, course_block_faculty_id, student_id) VALUES (673, 1, 33, 57);
INSERT INTO student_course (id, active, course_block_faculty_id, student_id) VALUES (674, 1, 33, 58);
INSERT INTO student_course (id, active, course_block_faculty_id, student_id) VALUES (675, 1, 33, 59);
INSERT INTO student_course (id, active, course_block_faculty_id, student_id) VALUES (676, 1, 33, 60);
INSERT INTO student_course (id, active, course_block_faculty_id, student_id) VALUES (677, 1, 33, 61);
INSERT INTO student_course (id, active, course_block_faculty_id, student_id) VALUES (678, 1, 33, 62);
INSERT INTO student_course (id, active, course_block_faculty_id, student_id) VALUES (679, 1, 33, 63);
INSERT INTO student_course (id, active, course_block_faculty_id, student_id) VALUES (680, 1, 33, 64);
INSERT INTO student_course (id, active, course_block_faculty_id, student_id) VALUES (681, 1, 33, 65);

INSERT INTO student_course (id, active, course_block_faculty_id, student_id) VALUES (682, 1, 34, 66);
INSERT INTO student_course (id, active, course_block_faculty_id, student_id) VALUES (683, 1, 34, 67);
INSERT INTO student_course (id, active, course_block_faculty_id, student_id) VALUES (684, 1, 34, 68);
INSERT INTO student_course (id, active, course_block_faculty_id, student_id) VALUES (685, 1, 34, 69);
INSERT INTO student_course (id, active, course_block_faculty_id, student_id) VALUES (686, 1, 34, 70);
INSERT INTO student_course (id, active, course_block_faculty_id, student_id) VALUES (687, 1, 34, 71);
INSERT INTO student_course (id, active, course_block_faculty_id, student_id) VALUES (688, 1, 34, 72);
INSERT INTO student_course (id, active, course_block_faculty_id, student_id) VALUES (689, 1, 34, 73);
INSERT INTO student_course (id, active, course_block_faculty_id, student_id) VALUES (690, 1, 34, 74);
INSERT INTO student_course (id, active, course_block_faculty_id, student_id) VALUES (691, 1, 34, 75);
INSERT INTO student_course (id, active, course_block_faculty_id, student_id) VALUES (692, 1, 34, 76);
INSERT INTO student_course (id, active, course_block_faculty_id, student_id) VALUES (693, 1, 34, 77);
INSERT INTO student_course (id, active, course_block_faculty_id, student_id) VALUES (694, 1, 34, 78);
INSERT INTO student_course (id, active, course_block_faculty_id, student_id) VALUES (695, 1, 34, 79);
INSERT INTO student_course (id, active, course_block_faculty_id, student_id) VALUES (696, 1, 34, 80);
INSERT INTO student_course (id, active, course_block_faculty_id, student_id) VALUES (697, 1, 34, 81);
INSERT INTO student_course (id, active, course_block_faculty_id, student_id) VALUES (698, 1, 34, 82);
INSERT INTO student_course (id, active, course_block_faculty_id, student_id) VALUES (699, 1, 34, 83);
INSERT INTO student_course (id, active, course_block_faculty_id, student_id) VALUES (700, 1, 34, 84);
INSERT INTO student_course (id, active, course_block_faculty_id, student_id) VALUES (701, 1, 34, 85);

INSERT INTO student_course (id, active, course_block_faculty_id, student_id) VALUES (702, 1, 35, 86);
INSERT INTO student_course (id, active, course_block_faculty_id, student_id) VALUES (703, 1, 35, 87);
INSERT INTO student_course (id, active, course_block_faculty_id, student_id) VALUES (704, 1, 35, 88);
INSERT INTO student_course (id, active, course_block_faculty_id, student_id) VALUES (705, 1, 35, 89);
INSERT INTO student_course (id, active, course_block_faculty_id, student_id) VALUES (706, 1, 35, 90);
INSERT INTO student_course (id, active, course_block_faculty_id, student_id) VALUES (707, 1, 35, 91);
INSERT INTO student_course (id, active, course_block_faculty_id, student_id) VALUES (708, 1, 35, 92);
INSERT INTO student_course (id, active, course_block_faculty_id, student_id) VALUES (709, 1, 35, 93);
INSERT INTO student_course (id, active, course_block_faculty_id, student_id) VALUES (710, 1, 35, 94);
INSERT INTO student_course (id, active, course_block_faculty_id, student_id) VALUES (711, 1, 35, 95);
INSERT INTO student_course (id, active, course_block_faculty_id, student_id) VALUES (712, 1, 35, 96);
INSERT INTO student_course (id, active, course_block_faculty_id, student_id) VALUES (713, 1, 35, 97);
INSERT INTO student_course (id, active, course_block_faculty_id, student_id) VALUES (714, 1, 35, 98);
INSERT INTO student_course (id, active, course_block_faculty_id, student_id) VALUES (715, 1, 35, 99);
INSERT INTO student_course (id, active, course_block_faculty_id, student_id) VALUES (716, 1, 35, 100);
INSERT INTO student_course (id, active, course_block_faculty_id, student_id) VALUES (717, 1, 35, 101);
INSERT INTO student_course (id, active, course_block_faculty_id, student_id) VALUES (718, 1, 35, 102);
INSERT INTO student_course (id, active, course_block_faculty_id, student_id) VALUES (719, 1, 35, 103);
INSERT INTO student_course (id, active, course_block_faculty_id, student_id) VALUES (720, 1, 35, 104);
INSERT INTO student_course (id, active, course_block_faculty_id, student_id) VALUES (721, 1, 35, 105);
INSERT INTO student_course (id, active, course_block_faculty_id, student_id) VALUES (722, 1, 35, 106);
INSERT INTO student_course (id, active, course_block_faculty_id, student_id) VALUES (723, 1, 35, 107);

---------------------------------------------------------------------------------------------
INSERT INTO student_course (id, active, course_block_faculty_id, student_id) VALUES (725, 1, 36, 6);
INSERT INTO student_course (id, active, course_block_faculty_id, student_id) VALUES (726, 1, 36, 7);
INSERT INTO student_course (id, active, course_block_faculty_id, student_id) VALUES (727, 1, 36, 8);
INSERT INTO student_course (id, active, course_block_faculty_id, student_id) VALUES (728, 1, 36, 9);
INSERT INTO student_course (id, active, course_block_faculty_id, student_id) VALUES (729, 1, 36, 10);
INSERT INTO student_course (id, active, course_block_faculty_id, student_id) VALUES (730, 1, 36, 11);
INSERT INTO student_course (id, active, course_block_faculty_id, student_id) VALUES (731, 1, 36, 12);
INSERT INTO student_course (id, active, course_block_faculty_id, student_id) VALUES (732, 1, 36, 13);
INSERT INTO student_course (id, active, course_block_faculty_id, student_id) VALUES (733, 1, 36, 14);
INSERT INTO student_course (id, active, course_block_faculty_id, student_id) VALUES (734, 1, 36, 15);
INSERT INTO student_course (id, active, course_block_faculty_id, student_id) VALUES (735, 1, 36, 16);
INSERT INTO student_course (id, active, course_block_faculty_id, student_id) VALUES (736, 1, 36, 17);
INSERT INTO student_course (id, active, course_block_faculty_id, student_id) VALUES (737, 1, 36, 18);
INSERT INTO student_course (id, active, course_block_faculty_id, student_id) VALUES (738, 1, 36, 19);
INSERT INTO student_course (id, active, course_block_faculty_id, student_id) VALUES (739, 1, 36, 20);
INSERT INTO student_course (id, active, course_block_faculty_id, student_id) VALUES (740, 1, 36, 21);
INSERT INTO student_course (id, active, course_block_faculty_id, student_id) VALUES (741, 1, 36, 22);
INSERT INTO student_course (id, active, course_block_faculty_id, student_id) VALUES (742, 1, 36, 23);
INSERT INTO student_course (id, active, course_block_faculty_id, student_id) VALUES (743, 1, 36, 24);
INSERT INTO student_course (id, active, course_block_faculty_id, student_id) VALUES (744, 1, 36, 25);

INSERT INTO student_course (id, active, course_block_faculty_id, student_id) VALUES (745, 1, 37, 26);
INSERT INTO student_course (id, active, course_block_faculty_id, student_id) VALUES (746, 1, 37, 27);
INSERT INTO student_course (id, active, course_block_faculty_id, student_id) VALUES (747, 1, 37, 28);
INSERT INTO student_course (id, active, course_block_faculty_id, student_id) VALUES (748, 1, 37, 29);
INSERT INTO student_course (id, active, course_block_faculty_id, student_id) VALUES (749, 1, 37, 30);
INSERT INTO student_course (id, active, course_block_faculty_id, student_id) VALUES (750, 1, 37, 31);
INSERT INTO student_course (id, active, course_block_faculty_id, student_id) VALUES (751, 1, 37, 32);
INSERT INTO student_course (id, active, course_block_faculty_id, student_id) VALUES (752, 1, 37, 33);
INSERT INTO student_course (id, active, course_block_faculty_id, student_id) VALUES (753, 1, 37, 34);
INSERT INTO student_course (id, active, course_block_faculty_id, student_id) VALUES (754, 1, 37, 35);
INSERT INTO student_course (id, active, course_block_faculty_id, student_id) VALUES (755, 1, 37, 36);
INSERT INTO student_course (id, active, course_block_faculty_id, student_id) VALUES (756, 1, 37, 37);
INSERT INTO student_course (id, active, course_block_faculty_id, student_id) VALUES (757, 1, 37, 38);
INSERT INTO student_course (id, active, course_block_faculty_id, student_id) VALUES (758, 1, 37, 39);
INSERT INTO student_course (id, active, course_block_faculty_id, student_id) VALUES (759, 1, 37, 40);
INSERT INTO student_course (id, active, course_block_faculty_id, student_id) VALUES (760, 1, 37, 41);
INSERT INTO student_course (id, active, course_block_faculty_id, student_id) VALUES (761, 1, 37, 42);
INSERT INTO student_course (id, active, course_block_faculty_id, student_id) VALUES (762, 1, 37, 43);
INSERT INTO student_course (id, active, course_block_faculty_id, student_id) VALUES (763, 1, 37, 44);
INSERT INTO student_course (id, active, course_block_faculty_id, student_id) VALUES (764, 1, 37, 45);

INSERT INTO student_course (id, active, course_block_faculty_id, student_id) VALUES (765, 1, 38, 46);
INSERT INTO student_course (id, active, course_block_faculty_id, student_id) VALUES (766, 1, 38, 47);
INSERT INTO student_course (id, active, course_block_faculty_id, student_id) VALUES (767, 1, 38, 48);
INSERT INTO student_course (id, active, course_block_faculty_id, student_id) VALUES (768, 1, 38, 49);
INSERT INTO student_course (id, active, course_block_faculty_id, student_id) VALUES (769, 1, 38, 50);
INSERT INTO student_course (id, active, course_block_faculty_id, student_id) VALUES (770, 1, 38, 51);
INSERT INTO student_course (id, active, course_block_faculty_id, student_id) VALUES (771, 1, 38, 52);
INSERT INTO student_course (id, active, course_block_faculty_id, student_id) VALUES (772, 1, 38, 53);
INSERT INTO student_course (id, active, course_block_faculty_id, student_id) VALUES (773, 1, 38, 54);
INSERT INTO student_course (id, active, course_block_faculty_id, student_id) VALUES (774, 1, 38, 55);
INSERT INTO student_course (id, active, course_block_faculty_id, student_id) VALUES (775, 1, 38, 56);
INSERT INTO student_course (id, active, course_block_faculty_id, student_id) VALUES (776, 1, 38, 57);
INSERT INTO student_course (id, active, course_block_faculty_id, student_id) VALUES (777, 1, 38, 58);
INSERT INTO student_course (id, active, course_block_faculty_id, student_id) VALUES (778, 1, 38, 59);
INSERT INTO student_course (id, active, course_block_faculty_id, student_id) VALUES (779, 1, 38, 60);
INSERT INTO student_course (id, active, course_block_faculty_id, student_id) VALUES (780, 1, 38, 61);
INSERT INTO student_course (id, active, course_block_faculty_id, student_id) VALUES (781, 1, 38, 62);
INSERT INTO student_course (id, active, course_block_faculty_id, student_id) VALUES (782, 1, 38, 63);
INSERT INTO student_course (id, active, course_block_faculty_id, student_id) VALUES (783, 1, 38, 64);
INSERT INTO student_course (id, active, course_block_faculty_id, student_id) VALUES (784, 1, 38, 65);

INSERT INTO student_course (id, active, course_block_faculty_id, student_id) VALUES (785, 1, 39, 66);
INSERT INTO student_course (id, active, course_block_faculty_id, student_id) VALUES (786, 1, 39, 67);
INSERT INTO student_course (id, active, course_block_faculty_id, student_id) VALUES (787, 1, 39, 68);
INSERT INTO student_course (id, active, course_block_faculty_id, student_id) VALUES (788, 1, 39, 69);
INSERT INTO student_course (id, active, course_block_faculty_id, student_id) VALUES (789, 1, 39, 70);
INSERT INTO student_course (id, active, course_block_faculty_id, student_id) VALUES (790, 1, 39, 71);
INSERT INTO student_course (id, active, course_block_faculty_id, student_id) VALUES (791, 1, 39, 72);
INSERT INTO student_course (id, active, course_block_faculty_id, student_id) VALUES (792, 1, 39, 73);
INSERT INTO student_course (id, active, course_block_faculty_id, student_id) VALUES (793, 1, 39, 74);
INSERT INTO student_course (id, active, course_block_faculty_id, student_id) VALUES (794, 1, 39, 75);
INSERT INTO student_course (id, active, course_block_faculty_id, student_id) VALUES (795, 1, 39, 76);
INSERT INTO student_course (id, active, course_block_faculty_id, student_id) VALUES (796, 1, 39, 77);
INSERT INTO student_course (id, active, course_block_faculty_id, student_id) VALUES (797, 1, 39, 78);
INSERT INTO student_course (id, active, course_block_faculty_id, student_id) VALUES (798, 1, 39, 79);
INSERT INTO student_course (id, active, course_block_faculty_id, student_id) VALUES (799, 1, 39, 80);
INSERT INTO student_course (id, active, course_block_faculty_id, student_id) VALUES (800, 1, 39, 81);
INSERT INTO student_course (id, active, course_block_faculty_id, student_id) VALUES (801, 1, 39, 82);
INSERT INTO student_course (id, active, course_block_faculty_id, student_id) VALUES (802, 1, 39, 83);
INSERT INTO student_course (id, active, course_block_faculty_id, student_id) VALUES (803, 1, 39, 84);
INSERT INTO student_course (id, active, course_block_faculty_id, student_id) VALUES (804, 1, 39, 85);

INSERT INTO student_course (id, active, course_block_faculty_id, student_id) VALUES (805, 1, 40, 86);
INSERT INTO student_course (id, active, course_block_faculty_id, student_id) VALUES (806, 1, 40, 87);
INSERT INTO student_course (id, active, course_block_faculty_id, student_id) VALUES (807, 1, 40, 88);
INSERT INTO student_course (id, active, course_block_faculty_id, student_id) VALUES (808, 1, 40, 89);
INSERT INTO student_course (id, active, course_block_faculty_id, student_id) VALUES (809, 1, 40, 90);
INSERT INTO student_course (id, active, course_block_faculty_id, student_id) VALUES (810, 1, 40, 91);
INSERT INTO student_course (id, active, course_block_faculty_id, student_id) VALUES (811, 1, 40, 92);
INSERT INTO student_course (id, active, course_block_faculty_id, student_id) VALUES (812, 1, 40, 93);
INSERT INTO student_course (id, active, course_block_faculty_id, student_id) VALUES (813, 1, 40, 94);
INSERT INTO student_course (id, active, course_block_faculty_id, student_id) VALUES (814, 1, 40, 95);
INSERT INTO student_course (id, active, course_block_faculty_id, student_id) VALUES (815, 1, 40, 96);
INSERT INTO student_course (id, active, course_block_faculty_id, student_id) VALUES (827, 1, 40, 97);
INSERT INTO student_course (id, active, course_block_faculty_id, student_id) VALUES (817, 1, 40, 98);
INSERT INTO student_course (id, active, course_block_faculty_id, student_id) VALUES (818, 1, 40, 99);
INSERT INTO student_course (id, active, course_block_faculty_id, student_id) VALUES (819, 1, 40, 100);
INSERT INTO student_course (id, active, course_block_faculty_id, student_id) VALUES (820, 1, 40, 101);
INSERT INTO student_course (id, active, course_block_faculty_id, student_id) VALUES (821, 1, 40, 102);
INSERT INTO student_course (id, active, course_block_faculty_id, student_id) VALUES (822, 1, 40, 103);
INSERT INTO student_course (id, active, course_block_faculty_id, student_id) VALUES (823, 1, 40, 104);
INSERT INTO student_course (id, active, course_block_faculty_id, student_id) VALUES (824, 1, 40, 105);
INSERT INTO student_course (id, active, course_block_faculty_id, student_id) VALUES (825, 1, 40, 106);
INSERT INTO student_course (id, active, course_block_faculty_id, student_id) VALUES (826, 1, 40, 107);

---------------------------------------------------------------------------------------------
INSERT INTO User (id, username, password, active, person_id) VALUES (1, 'admin', '$2a$10$S/wlXEo/APzf.Sn1cO2p4.V12EJmaw.uzrHelMvkpuahjmHWnSafe', TRUE, 1);
INSERT INTO User (id, username, password, active, person_id) VALUES (2, 'student', '$2a$10$XUwKVni35j/TtWuzZga2/earbsXhGNc.M70Pi8r0vBct.ASdGdZYG', TRUE, 11);
INSERT INTO User (id, username, password, active, person_id) VALUES (3, 'faculty', '$2a$10$p5PqF32hRzlMKodJ6VnRZertG2pRs5aYTZMXLaRnBtwqdZCpCATX6', TRUE, 2);

---------------------------------------------------------------------------------------------
INSERT INTO user_role (user_id, role_id) VALUES (1, 1);
INSERT INTO user_role (user_id, role_id) VALUES (1, 2);
INSERT INTO user_role (user_id, role_id) VALUES (2, 3);
INSERT INTO user_role (user_id, role_id) VALUES (3, 2);
